-- =================================================================================
-- 1. PRIORITÀ
-- Finestre temporali aggiornate: 3, 10, 30, 120 giorni.
-- =================================================================================
INSERT INTO priorita (nome, punteggio_inizio, punteggio_fine, finestra_temporale) VALUES
('Urgente',        80.0, 100.0, 3),
('Breve',          60.0,  79.999, 10),
('Differibile',    40.0,  59.999, 30),
('Programmabile',   0.0,  39.999, 120);

-- =================================================================================
-- 2. BADGE
-- =================================================================================
INSERT INTO badge (nome, descrizione, immagine_badge) VALUES
('Primo Questionario', 'Hai compilato il tuo primo questionario.', '/badges/primo_questionario.png'),
('Cinque Questionari', 'Hai compilato 5 questionari.', '/badges/cinque_questionari.png'),
('Dieci Questionari', 'Hai compilato 10 questionari.', '/badges/dieci_questionari.png'),
('Prima Nota Diario', 'Hai scritto la tua prima annotazione nel diario.', '/badges/prima_nota_diario.png'),
('Diario Costante', 'Hai scritto almeno 5 annotazioni nel diario.', '/badges/diario_costante.png'),
('Primo Stato dAnimo', 'Hai registrato il tuo primo stato d’animo.', '/badges/primo_stato_animo.png'),
('Monitoraggio Umore', 'Hai inserito almeno 10 stati d’animo.', '/badges/monitoraggio_umore.png'),
('Assegnazione Psicologo', 'Sei stato assegnato a uno psicologo.', '/badges/assegnazione_psicologo.png'),
('Primo Obiettivo Raggiunto', 'Hai completato il tuo primo obiettivo.', '/badges/primo_obiettivo.png'),
('Tris di Obiettivi', 'Hai portato a termine almeno 3 obiettivi.', '/badges/tris_obiettivi.png'),
('Prima Domanda Forum', 'Hai pubblicato la tua prima domanda nel forum.', '/badges/prima_domanda_forum.png'),
('Voce Attiva', 'Hai inserito almeno 5 domande.', '/badges/voce_attiva.png');

-- =================================================================================
-- 3. TIPOLOGIA QUESTIONARIO
-- Tempi aggiornati: 30, 30, 14, 90 giorni.
-- =================================================================================
INSERT INTO tipologia_questionario (nome, domande, punteggio, campi, tempo_somministrazione)
VALUES
    (
        'PHQ-9',
        '"Scarso interesse o piacere nel fare le cose;Sentirsi ''giù'', di cattivo umore, disperato;Soffrire d''insonnia o dormire troppo;Sentirsi stanco o con poche energie;Avere scarso appetito o perso peso o essere bulimico;Sentirsi contrariato, ''un fallito'', lasciarsi andare o sentirsi abbandonato dalla famiglia;Difficoltà nel concentrarsi sulle cose, per es. nel leggere il giornale o nel guardare la TV;Muoversi o parlare lentamente tanto da non essere compreso da altri. Oppure, sentirsi agitato e muoversi più del solito;Pensare che sarebbe meglio morire o ferirsi in qualche modo"'::jsonb,
        '[0, 1, 2, 3]'::jsonb,
        '"Mai;Alcuni giorni;Più della metà dei giorni;Quasi tutti i giorni"'::jsonb,
        30
    ),
    (
        'GAD-7',
        '"Sentirsi nervoso/a, ansioso/a o teso/a;Non riuscire a smettere di preoccuparsi o a tenere sotto controllo le preoccupazioni;Preoccuparsi troppo per varie cose;Avere difficoltà a rilassarsi;Essere talmente irrequieto/a da far fatica a stare seduto/a fermo/a;Infastidirsi o irritarsi facilmente;Avere paura che possa succedere qualcosa di terribile"'::jsonb,
        '[0, 1, 2, 3]'::jsonb,
        '"Mai;Alcuni giorni;Più della metà dei giorni;Quasi ogni giorno"'::jsonb,
        30
    ),
    (
        'WHO-5',
        '"Mi sono sentito/a allegro/a e di buon umore;Mi sono sentito/a calmo/a e rilassato/a;Mi sono sentito/a attivo/a ed energico/a;Mi sono svegliato/a sentendomi fresco/a e riposato/a;La mia vita di tutti i giorni è stata piena di cose che mi interessano"'::jsonb,
        '[5, 4, 3, 2, 1, 0]'::jsonb,
        '"Mai;A volte;Meno della metà del tempo;Più della metà del tempo;La maggior parte del tempo;Sempre"'::jsonb,
        14
    ),
    (
        'PC-PTSD-5',
        '"Fatto incubi sull''evento o sugli eventi, o ci hai pensato quando non volevi?;Cercato con forza di non pensare all''evento o agli eventi, o evitato situazioni che te li ricordavano?;Stato costantemente in allerta, vigile o facilmente spaventato?;Provato sensazioni di distacco o insensibilità verso le persone, le attività o l''ambiente circostante?;Provato senso di colpa o non essere riuscito a smettere di incolparti o di incolpare altri per l''evento o per eventuali problemi che l''evento ha potuto causare?"'::jsonb,
        '[1, 0]'::jsonb,
        '"Sì;No"'::jsonb,
        90
    );

-- =================================================================================
-- 4. AMMINISTRATORE
-- Password hashate con BCrypt.
-- =================================================================================
INSERT INTO amministratore (email, nome, cognome, pw) VALUES 
('alessio.delsorbo@gmail.com', 'Alessio', 'Del Sorbo', '$2b$10$ebzpRqpyg0uZnJHMXB1pmO8m3ahlSdIH64m22NqU6EsreqjOI68Jm'),
('laura.pausini@gmail.com', 'Laura', 'Pausini', '$2b$10$K9zXwTqjH0uLnPZMxB2qmP9n4bhjTeKJ75n33OqV7FtwrkQK79Ln'),
('giovanni.russo@gmail.com', 'Giovanni', 'Russo', '$2b$10$J8yVwRqkG9tKmVYNwC1olO8m3chjSdJI64m22PqW6GtseqjOI68Kp'),
('elena.ferrari@gmail.com', 'Elena', 'Ferrari', '$2b$10$M7xUrSqyF8sJbXLMXA0pnN7l2dgkRdHF53l11MqT5DrteqiPH57Jm'),
('andrea.lughini@gmail.com', 'Andrea', 'Lunghini', '$2b$10$L6wTsRpzE7rIaWKOvZ1qmO6k1afhTgHG42k00NrS4EsreqjOI68HnY');
-- =================================================================================
-- 5. PSICOLOGO
-- Email generate (nome.cognome@pec.asl...).
-- =================================================================================
INSERT INTO psicologo (cod_fiscale, nome, cognome, email, asl_appartenenza, stato, immagine_profilo) VALUES 
('VRDLGI80A01H501A', 'Luigi', 'Verdi', 'l.verdi@pec.aslsalerno.it', 'SA-1', true, '/images/psicologi/fotopsicologo1.jpg'),
('BNCMRC85M02F205B', 'Marco', 'Bianchi', 'm.bianchi@pec.aslnapoli2nord.it', 'NA-2', true, '/images/psicologi/fotopsicologo2.jpg'),
('RSSGIA90T45L219C', 'Giulia', 'Rossi', 'g.rossi@pec.aslcaserta.it', 'CE-1', true, '/images/psicologi/fotopsicologo3.jpg'),
('ESPANT75C12H501D', 'Antonio', 'Esposito', 'a.esposito@pec.aslnapoli1centro.it', 'NA-1', true, '/images/psicologi/fotopsicologo4.jpg'),
('RMNSRN88D65Z404E', 'Serena', 'Romano', 's.romano@pec.aslavellino.it', 'AV-1', false, '/images/psicologi/fotopsicologo5.jpg'),
('CLMBRT82E20F205F', 'Roberto', 'Colombo', 'r.colombo@pec.aslbenevento.it', 'BN-1', true, '/images/psicologi/fotopsicologo6.jpg'),
('RCCSRA95M55L219G', 'Sara', 'Ricci', 's.ricci@pec.aslsalerno.it', 'SA-2', true, '/images/psicologi/fotopsicologo7.jpg'),
('MRNMTT89R10G273H', 'Matteo', 'Marino', 'm.marino@pec.aslnapoli3sud.it', 'NA-3', true, '/images/psicologi/fotopsicologo8.jpg'),
('GREGRC92H60H501I', 'Greta', 'Greco', 'g.greco@pec.aslcaserta.it', 'CE-1', false, '/images/psicologi/fotopsicologo9.jpg'),
('BRBLCA81L15F205J', 'Luca', 'Bruno', 'l.bruno@pec.aslnapoli1centro.it', 'NA-1', true, '/images/psicologi/fotopsicologo10.jpg'),
('GLLFNC83S05L219K', 'Francesca', 'Gallo', 'f.gallo@pec.aslsalerno.it', 'SA-1', false, '/images/psicologi/fotopsicologo11.jpg'),
('CNTGLI91P50G273L', 'Giulio', 'Conti', 'g.conti@pec.aslavellino.it', 'AV-1', true, '/images/psicologi/fotopsicologo12.jpg'),
('DMRVNT86T25H501M', 'Valentina', 'De Luca', 'v.deluca@pec.aslnapoli2nord.it', 'NA-2', true, '/images/psicologi/fotopsicologo13.jpg'),
('CSTNDR94A10F205N', 'Andrea', 'Costa', 'a.costa@pec.aslnapoli3sud.it', 'NA-3', false, '/images/psicologi/fotopsicologo14.jpg'),
('GORDNL87M41L219O', 'Daniele', 'Giordano', 'd.giordano@pec.aslbenevento.it', 'BN-1', true, '/images/psicologi/fotopsicologo15.jpg'),
('RZZMRA80A41H501P', 'Maria', 'Rizzo', 'm.rizzo@pec.aslnapoli1centro.it', 'NA-1', true, '/images/psicologi/fotopsicologo16.jpg'),
('LMBPTR79B12F205Q', 'Pietro', 'Lombardi', 'p.lombardi@pec.aslsalerno.it', 'SA-2', true, '/images/psicologi/fotopsicologo17.jpg'),
('FRRMNK92C55L219R', 'Monica', 'Ferrara', 'm.ferrara@pec.aslcaserta.it', 'CE-1', true, '/images/psicologi/fotopsicologo18.jpg'),
('SRRVNC85D10G273S', 'Vincenzo', 'Serra', 'v.serra@pec.aslnapoli2nord.it', 'NA-2', true, '/images/psicologi/fotopsicologo19.jpg'),
('VITELN88E45H501T', 'Elena', 'Vitale', 'e.vitale@pec.aslavellino.it', 'AV-1', true, '/images/psicologi/fotopsicologo20.jpg'),
('LNGGNN81F20F205U', 'Giovanni', 'Longo', 'g.longo@pec.aslbenevento.it', 'BN-1', true, '/images/psicologi/fotopsicologo21.jpg'),
('MRTCRS90G60L219V', 'Cristina', 'Martinelli', 'c.martinelli@pec.aslsalerno.it', 'SA-1', true, '/images/psicologi/fotopsicologo22.jpg'),
('BRBDRN84H15G273W', 'Dario', 'Barone', 'd.barone@pec.aslnapoli3sud.it', 'NA-3', true, '/images/psicologi/fotopsicologo23.jpg'),
('DGNLSS87I50H501X', 'Alessia', 'D’Angelo', 'a.dangelo@pec.aslcaserta.it', 'CE-1', false, '/images/psicologi/fotopsicologo24.jpg'),
('PLMPLR93L25F205Y', 'Paolo', 'Palumbo', 'p.palumbo@pec.aslnapoli1centro.it', 'NA-1', true, '/images/psicologi/fotopsicologo25.jpg'),
('SNTLRA82M65L219Z', 'Lara', 'Santoro', 'l.santoro@pec.aslsalerno.it', 'SA-2', true, '/images/psicologi/fotopsicologo26.jpg'),
('DLRMCH86A10G273A', 'Michele', 'De Rosa', 'm.derosa@pec.aslavellino.it', 'AV-1', true, '/images/psicologi/fotopsicologo27.jpg'),
('CPPSLV89B55H501B', 'Silvia', 'Coppola', 's.coppola@pec.aslnapoli2nord.it', 'NA-2', true, '/images/psicologi/fotopsicologo28.jpg'),
('RSNDVD91C20F205C', 'Davide', 'Russo', 'd.russo@pec.aslbenevento.it', 'BN-1', true, '/images/psicologi/fotopsicologo29.jpg'),
('GRRCLD83D60L219D', 'Claudia', 'Guerra', 'c.guerra@pec.aslsalerno.it', 'SA-1', true, '/images/psicologi/fotopsicologo30.jpg'),
('FRRMRT88E15G273E', 'Marta', 'Farina', 'm.farina@pec.aslnapoli3sud.it', 'NA-3', false, '/images/psicologi/fotopsicologo31.jpg'),
('DPLGCM80F05H501F', 'Giacomo', 'Di Paola', 'g.dipaola@pec.aslcaserta.it', 'CE-1', true, '/images/psicologi/fotopsicologo32.jpg'),
('PGLVNN85G45F205G', 'Vanessa', 'Pagano', 'v.pagano@pec.aslnapoli1centro.it', 'NA-1', true, '/images/psicologi/fotopsicologo33.jpg'),
('MZZFBA90H10L219H', 'Fabio', 'Mazza', 'f.mazza@pec.aslsalerno.it', 'SA-2', true, '/images/psicologi/fotopsicologo34.jpg'),
('CRSBTR82I55G273I', 'Beatrice', 'Caruso', 'b.caruso@pec.aslavellino.it', 'AV-1', true, '/images/psicologi/fotopsicologo35.jpg'),
('ORLSTF87L20H501J', 'Stefano', 'Orlando', 's.orlando@pec.aslnapoli2nord.it', 'NA-2', true, '/images/psicologi/fotopsicologo36.jpg'),
('BSLGNV93M60F205K', 'Ginevra', 'Basile', 'g.basile@pec.aslbenevento.it', 'BN-1', true, '/images/psicologi/fotopsicologo37.jpg'),
('DMTRCC84A15L219L', 'Riccardo', 'D’Amato', 'r.damato@pec.aslsalerno.it', 'SA-1', true, '/images/psicologi/fotopsicologo38.jpg'),
('SACLCI88B50G273M', 'Lucia', 'Sacco', 'l.sacco@pec.aslnapoli3sud.it', 'NA-3', true, '/images/psicologi/fotopsicologo39.jpg'),
('VLLFNC81C10H501N', 'Federico', 'Villa', 'f.villa@pec.aslcaserta.it', 'CE-1', true, '/images/psicologi/fotopsicologo40.jpg'),
('MSTGRL86D55F205O', 'Giorgia', 'Mastriani', 'g.mastriani@pec.aslnapoli1centro.it', 'NA-1', true, '/images/psicologi/fotopsicologo41.jpg'),
('RMNALX90E20L219P', 'Alex', 'Romano', 'a.romano@pec.aslsalerno.it', 'SA-2', false, '/images/psicologi/fotopsicologo42.jpg'),
('DBRSMN85F60G273Q', 'Simona', 'De Bari', 's.debari@pec.aslavellino.it', 'AV-1', true, '/images/psicologi/fotopsicologo43.jpg'),
('CRNLGU82G15H501R', 'Luigi', 'Cirino', 'l.cirino@pec.aslnapoli2nord.it', 'NA-2', true, '/images/psicologi/fotopsicologo44.jpg'),
('GRSMRT89H50F205S', 'Martina', 'Grasso', 'm.grasso@pec.aslbenevento.it', 'BN-1', true, '/images/psicologi/fotopsicologo45.jpg'),
('IZZOAN80I25L219T', 'Antonio', 'Izzo', 'a.izzo@pec.aslsalerno.it', 'SA-1', true, '/images/psicologi/fotopsicologo46.jpg'),
('VRNCHR92L65G273U', 'Chiara', 'Varriale', 'c.varriale@pec.aslnapoli3sud.it', 'NA-3', true, '/images/psicologi/fotopsicologo47.jpg'),
('PCCFNC87M10H501V', 'Francesco', 'Piccolo', 'f.piccolo@pec.aslcaserta.it', 'CE-1', true, '/images/psicologi/fotopsicologo48.jpg'),
('DMGNNL84A55F205W', 'Annalisa', 'Di Meglio', 'a.dimeglio@pec.aslnapoli1centro.it', 'NA-1', false, '/images/psicologi/fotopsicologo49.jpg'),
('SLVGLC91B20L219X', 'Gianluca', 'Salvi', 'g.salvi@pec.aslsalerno.it', 'SA-2', true, '/images/psicologi/fotopsicologo50.jpg');
-- =================================================================================
-- 6. PAZIENTE (Parte 1)
-- =================================================================================
INSERT INTO paziente 
(nome, cognome, data_nascita, terms, email, cod_fiscale, residenza, sesso, data_ingresso, score, stato, id_priorita, id_psicologo)
VALUES
-- GRUPPO 1: ASSEGNAZIONI VINCOLATE (LUCA BRUNO - ALMENO 8 PAZIENTI)
('Mario','Russo','1994-03-12',FALSE,'mario.russo@gmail.com','PZT0001SINTONIAA','Napoli','M','2025-10-15',0.0,TRUE,'Urgente','BRBLCA81L15F205J'),
('Giulia','Esposito','1998-11-25',FALSE,'giulia.esposito@gmail.com','PZT0002SINTONIAA','Salerno','F','2025-09-10',0.0,TRUE,'Urgente','BRBLCA81L15F205J'),
('Luca','Ferrara','1987-06-02',FALSE,'luca.ferrara@gmail.com','PZT0003SINTONIAA','Caserta','M','2025-11-01',0.0,TRUE,'Urgente','BRBLCA81L15F205J'),
('Sara','Romano','2001-01-19',FALSE,'sara.romano@gmail.com','PZT0004SINTONIAA','Avellino','F','2025-10-22',0.0,TRUE,'Urgente','BRBLCA81L15F205J'),
('Antonio','De Luca','1992-09-07',FALSE,'antonio.deluca@gmail.com','PZT0005SINTONIAA','Benevento','M','2025-09-05',0.0,TRUE,'Urgente','BRBLCA81L15F205J'),
('Francesca','Bianchi','1990-04-30',FALSE,'francesca.bianchi@gmail.com','PZT0006SINTONIAA','Napoli','F','2025-11-12',0.0,TRUE,'Urgente','BRBLCA81L15F205J'),
('Davide','Greco','1985-12-03',FALSE,'davide.greco@gmail.com','PZT0007SINTONIAA','Salerno','M','2025-09-28',0.0,TRUE,'Urgente','BRBLCA81L15F205J'),
('Elena','Rizzo','1999-08-16',FALSE,'elena.rizzo@gmail.com','PZT0008SINTONIAA','Caserta','F','2025-11-03',0.0,TRUE,'Urgente','BRBLCA81L15F205J'),

-- GRUPPO 2: CHIARA CONTI (VINCOLO: PSICOLOGO NULL)
('Chiara','Conti','2000-07-05',FALSE,'chiara.conti@gmail.com','PZT0010SINTONIAA','Napoli','F','2025-11-20',0.0,TRUE,'Urgente',NULL),

-- GRUPPO 3: ALTRI PAZIENTI STORICI (MISTI)
('Pietro','Vitale','1979-02-22',FALSE,'pietro.vitale@gmail.com','PZT0009SINTONIAA','Avellino','M','2025-09-14',0.0,TRUE,'Urgente','VRDLGI80A01H501A'),
('Roberto','Pagano','1996-10-28',FALSE,'roberto.pagano@gmail.com','PZT0011SINTONIAA','Salerno','M','2025-10-02',0.0,TRUE,'Urgente','BNCMRC85M02F205B'),
('Valentina','Caruso','1989-05-14',FALSE,'valentina.caruso@gmail.com','PZT0012SINTONIAA','Benevento','F','2025-10-05',0.0,TRUE,'Urgente','RSSGIA90T45L219C'),
('Giorgio','Marino','1993-01-09',FALSE,'giorgio.marino@gmail.com','PZT0013SINTONIAA','Caserta','M','2025-11-15',0.0,TRUE,'Urgente','ESPANT75C12H501D'),
('Martina','Gallo','2002-12-18',FALSE,'martina.gallo@gmail.com','PZT0014SINTONIAA','Napoli','F','2025-09-22',0.0,TRUE,'Urgente','CLMBRT82E20F205F'),
('Alessio','Bruno','1983-07-27',FALSE,'alessio.bruno@gmail.com','PZT0015SINTONIAA','Salerno','M','2025-10-12',0.0,TRUE,'Urgente','MRNMTT89R10G273H'),
('Federica','Ricci','1991-03-01',FALSE,'federica.ricci@gmail.com','PZT0016SINTONIAA','Caserta','F','2025-11-28',0.0,TRUE,'Urgente','VRDLGI80A01H501A'),
('Simone','Orlando','1997-11-11',FALSE,'simone.orlando@gmail.com','PZT0017SINTONIAA','Avellino','M','2025-09-09',0.0,TRUE,'Urgente','BNCMRC85M02F205B'),
('Ilaria','Costa','1995-06-23',FALSE,'ilaria.costa@gmail.com','PZT0018SINTONIAA','Benevento','F','2025-09-15',0.0,TRUE,'Urgente','RSSGIA90T45L219C'),
('Gabriele','Sacco','1988-09-02',FALSE,'gabriele.sacco@gmail.com','PZT0019SINTONIAA','Napoli','M','2025-10-07',0.0,TRUE,'Urgente','ESPANT75C12H501D'),
('Noemi','D’Amato','2003-04-07',FALSE,'noemi.damato@gmail.com','PZT0020SINTONIAA','Salerno','F','2025-11-10',0.0,TRUE,'Urgente','CLMBRT82E20F205F'),
('Stefano','Longo','1981-01-30',FALSE,'stefano.longo@gmail.com','PZT0021SINTONIAA','Caserta','M','2025-11-02',0.0,TRUE,'Urgente','MRNMTT89R10G273H'),
('Anna','De Rosa','1999-10-15',FALSE,'anna.derosa@gmail.com','PZT0022SINTONIAA','Avellino','F','2025-09-18',0.0,TRUE,'Urgente','VRDLGI80A01H501A'),
('Michele','Palumbo','1992-02-09',FALSE,'michele.palumbo@gmail.com','PZT0023SINTONIAA','Napoli','M','2025-10-28',0.0,TRUE,'Urgente','BNCMRC85M02F205B'),
('Aurora','Villa','2001-09-26',FALSE,'aurora.villa@gmail.com','PZT0024SINTONIAA','Caserta','F','2025-11-08',0.0,TRUE,'Urgente','RSSGIA90T45L219C'),
('Claudio','Serra','1986-08-09',FALSE,'claudio.serra@gmail.com','PZT0025SINTONIAA','Salerno','M','2025-09-30',0.0,TRUE,'Urgente','ESPANT75C12H501D'),
('Rosa','Martinelli','1990-12-01',FALSE,'rosa.martinelli@gmail.com','PZT0026SINTONIAA','Napoli','F','2025-10-10',0.0,TRUE,'Breve','CLMBRT82E20F205F'),
('Enrico','Giordano','1984-05-20',FALSE,'enrico.giordano@gmail.com','PZT0027SINTONIAA','Caserta','M','2025-10-14',0.0,TRUE,'Breve','MRNMTT89R10G273H'),
('Lucia','Santoro','1997-02-14',FALSE,'lucia.santoro@gmail.com','PZT0028SINTONIAA','Salerno','F','2025-11-21',0.0,TRUE,'Breve','VRDLGI80A01H501A'),
('Fabio','Colombo','1982-06-10',FALSE,'fabio.colombo@gmail.com','PZT0029SINTONIAA','Benevento','M','2025-09-11',0.0,TRUE,'Breve','BNCMRC85M02F205B'),
-- NON ASSEGNATI (NULL)
('Ginevra','Basile','2000-03-03',FALSE,'ginevra.basile@gmail.com','PZT0030SINTONIAA','Avellino','F','2025-10-19',0.0,TRUE,'Breve',NULL),
('Salvatore','Di Paola','1991-07-22',FALSE,'salvatore.dipaola@gmail.com','PZT0031SINTONIAA','Napoli','M','2025-11-18',0.0,TRUE,'Breve',NULL),
('Irene','Mazza','1996-01-17',FALSE,'irene.mazza@gmail.com','PZT0032SINTONIAA','Caserta','F','2025-11-16',0.0,TRUE,'Breve',NULL),
('Tommaso','Guerra','1989-09-11',FALSE,'tommaso.guerra@gmail.com','PZT0033SINTONIAA','Salerno','M','2025-09-25',0.0,TRUE,'Breve',NULL),
('Paola','Vitale','1993-11-06',FALSE,'paola.vitale@gmail.com','PZT0034SINTONIAA','Napoli','F','2025-09-20',0.0,TRUE,'Breve',NULL),
('Carmine','Barone','1985-04-29',FALSE,'carmine.barone@gmail.com','PZT0035SINTONIAA','Avellino','M','2025-10-11',0.0,TRUE,'Breve',NULL),
('Elisa','D’Angelo','1999-06-02',FALSE,'elisa.dangelo@gmail.com','PZT0036SINTONIAA','Caserta','F','2025-11-29',0.0,TRUE,'Breve',NULL),
('Andrea','Lombardi','1992-10-13',FALSE,'andrea.lombardi@gmail.com','PZT0037SINTONIAA','Benevento','M','2025-09-07',0.0,TRUE,'Breve',NULL),
('Nadia','Ferrara','2001-05-09',FALSE,'nadia.ferrara@gmail.com','PZT0038SINTONIAA','Salerno','F','2025-10-21',0.0,TRUE,'Breve',NULL),
('Vincenzo','Izzo','1980-02-03',FALSE,'vincenzo.izzo@gmail.com','PZT0039SINTONIAA','Napoli','M','2025-11-09',0.0,TRUE,'Breve',NULL),
('Marta','Sacco','1997-08-30',FALSE,'marta.sacco@gmail.com','PZT0040SINTONIAA','Caserta','F','2025-10-25',0.0,TRUE,'Breve',NULL),
('Gioele','Piccolo','1994-01-24',FALSE,'gioele.piccolo@gmail.com','PZT0041SINTONIAA','Salerno','M','2025-09-16',0.0,TRUE,'Breve',NULL),
('Valeria','Pagano','1990-09-19',FALSE,'valeria.pagano@gmail.com','PZT0042SINTONIAA','Napoli','F','2025-10-09',0.0,TRUE,'Breve',NULL),
('Riccardo','Orlando','1987-12-05',FALSE,'riccardo.orlando@gmail.com','PZT0043SINTONIAA','Avellino','M','2025-11-23',0.0,TRUE,'Breve',NULL),
('Serena','Greco','1998-03-28',FALSE,'serena.greco@gmail.com','PZT0044SINTONIAA','Caserta','F','2025-09-02',0.0,TRUE,'Breve',NULL),
('Alberto','Rossi','1995-07-01',FALSE,'alberto.rossi@gmail.com','PZT0045SINTONIAA','Benevento','M','2025-11-05',0.0,TRUE,'Breve',NULL),
('Flavia','Bruno','2000-02-11',FALSE,'flavia.bruno@gmail.com','PZT0046SINTONIAA','Salerno','F','2025-10-13',0.0,TRUE,'Breve',NULL),
('Emanuele','Rizzo','1986-06-19',FALSE,'emanuele.rizzo@gmail.com','PZT0047SINTONIAA','Napoli','M','2025-11-07',0.0,TRUE,'Breve',NULL),
('Beatrice','Villa','1999-11-23',FALSE,'beatrice.villa@gmail.com','PZT0048SINTONIAA','Caserta','F','2025-09-21',0.0,TRUE,'Breve',NULL),
('Samuele','Conti','1993-03-15',FALSE,'samuele.conti@gmail.com','PZT0049SINTONIAA','Avellino','M','2025-10-26',0.0,TRUE,'Breve',NULL),
('Irene','Guerra','2002-04-18',FALSE,'irene.guerra@gmail.com','PZT0050SINTONIAA','Salerno','F','2025-11-14',0.0,TRUE,'Breve',NULL),
('Matteo','De Bari','1989-01-07',FALSE,'matteo.debari@gmail.com','PZT0051SINTONIAA','Benevento','M','2025-09-24',0.0,TRUE,'Differibile',NULL),
('Silvia','Colombo','1991-09-02',FALSE,'silvia.colombo@gmail.com','PZT0052SINTONIAA','Caserta','F','2025-09-12',0.0,TRUE,'Differibile',NULL),
('Gabriele','Russo','1997-10-19',FALSE,'gabriele.russo@gmail.com','PZT0053SINTONIAA','Napoli','M','2025-10-06',0.0,TRUE,'Differibile',NULL),
('Laura','Martinelli','1994-12-27',FALSE,'laura.martinelli@gmail.com','PZT0054SINTONIAA','Salerno','F','2025-11-19',0.0,TRUE,'Differibile',NULL),
('Gennaro','Longo','1983-02-05',FALSE,'gennaro.longo@gmail.com','PZT0055SINTONIAA','Avellino','M','2025-09-13',0.0,TRUE,'Differibile',NULL),
('Claudia','Ferrara','1992-06-16',FALSE,'claudia.ferrara@gmail.com','PZT0056SINTONIAA','Napoli','F','2025-10-24',0.0,TRUE,'Differibile',NULL),
('Nicola','Basile','1990-03-21',FALSE,'nicola.basile@gmail.com','PZT0057SINTONIAA','Benevento','M','2025-11-04',0.0,TRUE,'Differibile',NULL),
('Gaia','Orlando','2001-07-12',FALSE,'gaia.orlando@gmail.com','PZT0058SINTONIAA','Caserta','F','2025-10-30',0.0,TRUE,'Differibile',NULL),
('Danilo','Izzo','1988-11-03',FALSE,'danilo.izzo@gmail.com','PZT0059SINTONIAA','Salerno','M','2025-09-17',0.0,TRUE,'Differibile',NULL),
('Veronica','Pagano','1996-05-30',FALSE,'veronica.pagano@gmail.com','PZT0060SINTONIAA','Napoli','F','2025-10-29',0.0,TRUE,'Differibile',NULL),
('Raffaele','Rossi','1993-11-18',FALSE,'raffaele.rossi@gmail.com','PZT0061SINTONIAA','Caserta','M','2025-11-13',0.0,TRUE,'Differibile',NULL),
('Alina','Romano','1999-02-02',FALSE,'alina.romano@gmail.com','PZT0062SINTONIAA','Avellino','Altro','2025-09-26',0.0,TRUE,'Differibile',NULL),
('Ciro','Immobile','1992-02-20',FALSE,'ciro.immobile@gmail.com','PZT0063SINTONIAA','Napoli','M','2025-11-25',0.0,TRUE,'Differibile',NULL),
('Teresa','Sacco','1987-08-08',FALSE,'teresa.sacco@gmail.com','PZT0064SINTONIAA','Benevento','F','2025-10-15',0.0,TRUE,'Differibile',NULL),
('Domenico','Di Meglio','1995-04-09',FALSE,'domenico.dimeglio@gmail.com','PZT0065SINTONIAA','Salerno','M','2025-11-06',0.0,TRUE,'Differibile',NULL),
('Rita','Gallo','1998-09-14',FALSE,'rita.gallo@gmail.com','PZT0066SINTONIAA','Napoli','F','2025-09-08',0.0,TRUE,'Differibile',NULL),
('Niccolò','Greco','2000-01-25',FALSE,'niccolo.greco@gmail.com','PZT0067SINTONIAA','Caserta','M','2025-10-17',0.0,TRUE,'Differibile',NULL),
('Chiara','Caruso','1991-06-03',FALSE,'chiara.caruso@gmail.com','PZT0068SINTONIAA','Avellino','F','2025-11-26',0.0,TRUE,'Differibile',NULL),
('Salvatore','Costa','1982-12-12',FALSE,'salvatore.costa@gmail.com','PZT0069SINTONIAA','Benevento','M','2025-09-10',0.0,TRUE,'Differibile',NULL),
('Elisa','Vitale','2002-03-09',FALSE,'elisa.vitale@gmail.com','PZT0070SINTONIAA','Salerno','F','2025-09-08',0.0,TRUE,'Differibile',NULL),
('Mario','Bruno','1994-07-07',FALSE,'mario.bruno@gmail.com','PZT0071SINTONIAA','Napoli','M','2025-10-03',0.0,TRUE,'Differibile',NULL),
('Sara','Lombardi','1997-01-16',FALSE,'sara.lombardi@gmail.com','PZT0072SINTONIAA','Caserta','F','2025-11-17',0.0,TRUE,'Differibile',NULL),
('Giacomo','Ferrara','1989-05-28',FALSE,'giacomo.ferrara@gmail.com','PZT0073SINTONIAA','Salerno','M','2025-09-29',0.0,TRUE,'Differibile',NULL),
('Arianna','Ricci','2001-10-02',FALSE,'arianna.ricci@gmail.com','PZT0074SINTONIAA','Napoli','F','2025-10-23',0.0,TRUE,'Differibile',NULL),
('Andrea','Russo','1986-02-14',FALSE,'andrea.russo@gmail.com','PZT0075SINTONIAA','Avellino','M','2025-11-30',0.0,TRUE,'Differibile',NULL),
('Miriam','Guerra','1993-08-21',FALSE,'miriam.guerra@gmail.com','PZT0076SINTONIAA','Salerno','F','2025-09-04',0.0,TRUE,'Programmabile',NULL),
('Lorenzo','Orlando','1999-11-09',FALSE,'lorenzo.orlando@gmail.com','PZT0077SINTONIAA','Caserta','M','2025-10-18',0.0,TRUE,'Programmabile',NULL),
('Federica','De Luca','2000-06-02',FALSE,'federica.deluca@gmail.com','PZT0078SINTONIAA','Napoli','F','2025-10-16',0.0,TRUE,'Programmabile',NULL),
('Ettore','Marino','1994-03-30',FALSE,'ettore.marino@gmail.com','PZT0079SINTONIAA','Benevento','M','2025-11-11',0.0,TRUE,'Programmabile',NULL),
('Gloria','Santoro','1987-07-19',FALSE,'gloria.santoro@gmail.com','PZT0080SINTONIAA','Salerno','F','2025-09-19',0.0,TRUE,'Programmabile',NULL),
('Alessandro','Rizzo','1991-09-26',FALSE,'alessandro.rizzo@gmail.com','PZT0081SINTONIAA','Napoli','M','2025-10-27',0.0,TRUE,'Programmabile',NULL),
('Camilla','Basile','1998-04-12',FALSE,'camilla.basile@gmail.com','PZT0082SINTONIAA','Caserta','F','2025-11-22',0.0,TRUE,'Programmabile',NULL),
('Franco','Conti','1985-12-22',FALSE,'franco.conti@gmail.com','PZT0083SINTONIAA','Avellino','M','2025-09-06',0.0,TRUE,'Programmabile',NULL),
('Elena','Romano','1996-02-01',FALSE,'elena.romano@gmail.com','PZT0084SINTONIAA','Benevento','F','2025-10-20',0.0,TRUE,'Programmabile',NULL),
('Raffaella','Gallo','2002-09-13',FALSE,'raffaella.gallo@gmail.com','PZT0085SINTONIAA','Napoli','F','2025-11-24',0.0,TRUE,'Programmabile',NULL),
('Dario','Greco','1993-06-16',FALSE,'dario.greco@gmail.com','PZT0086SINTONIAA','Salerno','M','2025-09-03',0.0,TRUE,'Programmabile',NULL),
('Giorgia','Vitale','1999-10-08',FALSE,'giorgia.vitale@gmail.com','PZT0087SINTONIAA','Caserta','F','2025-10-12',0.0,TRUE,'Programmabile',NULL),
('Sebastiano','Barone','1990-01-04',FALSE,'sebastiano.barone@gmail.com','PZT0088SINTONIAA','Avellino','M','2025-11-27',0.0,TRUE,'Programmabile',NULL),
('Ilenia','Ricci','1997-03-11',FALSE,'ilenia.ricci@gmail.com','PZT0089SINTONIAA','Salerno','F','2025-09-01',0.0,TRUE,'Programmabile',NULL),
('Carmelo','Colombo','1984-08-15',FALSE,'carmelo.colombo@gmail.com','PZT0090SINTONIAA','Benevento','M','2025-10-08',0.0,TRUE,'Programmabile',NULL),
('Ada','De Bari','2001-12-09',FALSE,'ada.debari@gmail.com','PZT0091SINTONIAA','Napoli','F','2025-11-15',0.0,TRUE,'Programmabile',NULL),
('Nicolò','Di Paola','1992-05-22',FALSE,'nicolo.dipaola@gmail.com','PZT0092SINTONIAA','Caserta','M','2025-09-23',0.0,TRUE,'Programmabile',NULL),
('Mara','Sacco','1989-02-25',FALSE,'mara.sacco@gmail.com','PZT0093SINTONIAA','Salerno','F','2025-10-31',0.0,TRUE,'Programmabile',NULL),
('Davide','Longo','1995-11-30',FALSE,'davide.longo@gmail.com','PZT0094SINTONIAA','Avellino','M','2025-11-08',0.0,TRUE,'Programmabile',NULL),

-- GRUPPO 4: NUOVI PAZIENTI GENERATI (~200 NUOVI RECORD)
('Sofia','Barbieri','1995-02-15',FALSE,'sofia.barbieri@gmail.com','PZT0100NEWDAT01','Napoli','F','2025-09-10',0.0,TRUE,'Urgente','VRDLGI80A01H501A'),
('Marco','Benedetti','1988-06-22',FALSE,'marco.benedetti@gmail.com','PZT0101NEWDAT02','Salerno','M','2025-09-12',0.0,TRUE,'Urgente','BNCMRC85M02F205B'),
('Alessia','Ferri','2000-11-05',FALSE,'alessia.ferri@gmail.com','PZT0102NEWDAT03','Caserta','F','2025-09-15',0.0,TRUE,'Breve',NULL),
('Giovanni','Moretti','1992-04-18',FALSE,'giovanni.moretti@gmail.com','PZT0103NEWDAT04','Avellino','M','2025-09-18',0.0,TRUE,'Breve',NULL),
('Francesca','Riva','1999-08-30',FALSE,'francesca.riva@gmail.com','PZT0104NEWDAT05','Benevento','F','2025-09-20',0.0,TRUE,'Differibile',NULL),
('Lorenzo','De Santis','1985-01-12',FALSE,'lorenzo.desantis@gmail.com','PZT0105NEWDAT06','Napoli','M','2025-09-22',0.0,TRUE,'Differibile',NULL),
('Chiara','Carbone','1996-05-25',FALSE,'chiara.carbone@gmail.com','PZT0106NEWDAT07','Salerno','F','2025-09-25',0.0,TRUE,'Programmabile',NULL),
('Matteo','Giuliani','1990-12-08',FALSE,'matteo.giuliani@gmail.com','PZT0107NEWDAT08','Caserta','M','2025-09-28',0.0,TRUE,'Programmabile',NULL),
('Sara','Lupi','2002-03-14',FALSE,'sara.lupi@gmail.com','PZT0108NEWDAT09','Avellino','F','2025-10-01',0.0,TRUE,'Urgente','RSSGIA90T45L219C'),
('Davide','Pellegrini','1987-07-20',FALSE,'davide.pellegrini@gmail.com','PZT0109NEWDAT10','Benevento','M','2025-10-03',0.0,TRUE,'Urgente','ESPANT75C12H501D'),
('Valentina','Mariani','1994-09-02',FALSE,'valentina.mariani@gmail.com','PZT0110NEWDAT11','Napoli','F','2025-10-05',0.0,TRUE,'Breve',NULL),
('Andrea','Bianco','1991-02-18',FALSE,'andrea.bianco@gmail.com','PZT0111NEWDAT12','Salerno','M','2025-10-08',0.0,TRUE,'Breve',NULL),
('Giulia','Serra','1998-06-30',FALSE,'giulia.serra@gmail.com','PZT0112NEWDAT13','Caserta','F','2025-10-10',0.0,TRUE,'Differibile',NULL),
('Luca','Marchetti','1983-11-15',FALSE,'luca.marchetti@gmail.com','PZT0113NEWDAT14','Avellino','M','2025-10-12',0.0,TRUE,'Differibile',NULL),
('Elena','Rossetti','2001-04-22',FALSE,'elena.rossetti@gmail.com','PZT0114NEWDAT15','Benevento','F','2025-10-15',0.0,TRUE,'Programmabile',NULL),
('Simone','Gatti','1995-10-05',FALSE,'simone.gatti@gmail.com','PZT0115NEWDAT16','Napoli','M','2025-10-18',0.0,TRUE,'Programmabile',NULL),
('Martina','Villa','1992-01-28',FALSE,'martina.villa@gmail.com','PZT0116NEWDAT17','Salerno','F','2025-10-20',0.0,TRUE,'Urgente','CLMBRT82E20F205F'),
('Francesco','Fontana','1989-08-14',FALSE,'francesco.fontana@gmail.com','PZT0117NEWDAT18','Caserta','M','2025-10-22',0.0,TRUE,'Urgente','MRNMTT89R10G273H'),
('Alice','Battaglia','1997-05-11',FALSE,'alice.battaglia@gmail.com','PZT0118NEWDAT19','Avellino','F','2025-10-25',0.0,TRUE,'Breve',NULL),
('Riccardo','Sartori','1986-12-03',FALSE,'riccardo.sartori@gmail.com','PZT0119NEWDAT20','Benevento','M','2025-10-28',0.0,TRUE,'Breve',NULL),
('Federica','Rizzi','2000-07-19',FALSE,'federica.rizzi@gmail.com','PZT0120NEWDAT21','Napoli','F','2025-10-30',0.0,TRUE,'Differibile',NULL),
('Nicola','Grimaldi','1993-02-25',FALSE,'nicola.grimaldi@gmail.com','PZT0121NEWDAT22','Salerno','M','2025-11-01',0.0,TRUE,'Differibile',NULL),
('Giorgia','Palumbo','1996-09-08',FALSE,'giorgia.palumbo@gmail.com','PZT0122NEWDAT23','Caserta','F','2025-11-03',0.0,TRUE,'Programmabile',NULL),
('Tommaso','Orlando','1990-04-16',FALSE,'tommaso.orlando@gmail.com','PZT0123NEWDAT24','Avellino','M','2025-11-05',0.0,TRUE,'Programmabile',NULL),
('Laura','Monti','1999-11-28',FALSE,'laura.monti@gmail.com','PZT0124NEWDAT25','Benevento','F','2025-11-08',0.0,TRUE,'Urgente','VRDLGI80A01H501A'),
('Antonio','Farina','1984-06-12',FALSE,'antonio.farina@gmail.com','PZT0125NEWDAT26','Napoli','M','2025-11-10',0.0,TRUE,'Urgente','BNCMRC85M02F205B'),
('Beatrice','Amato','1995-03-20',FALSE,'beatrice.amato@gmail.com','PZT0126NEWDAT27','Salerno','F','2025-11-12',0.0,TRUE,'Breve',NULL),
('Gabriele','Pugliese','1988-10-02',FALSE,'gabriele.pugliese@gmail.com','PZT0127NEWDAT28','Caserta','M','2025-11-15',0.0,TRUE,'Breve',NULL),
('Silvia','Mancini','2002-01-15',FALSE,'silvia.mancini@gmail.com','PZT0128NEWDAT29','Avellino','F','2025-11-18',0.0,TRUE,'Differibile',NULL),
('Stefano','Lombardo','1991-08-22',FALSE,'stefano.lombardo@gmail.com','PZT0129NEWDAT30','Benevento','M','2025-11-20',0.0,TRUE,'Differibile',NULL),
('Vittoria','Coppola','1997-12-05',FALSE,'vittoria.coppola@gmail.com','PZT0130NEWDAT31','Napoli','F','2025-11-22',0.0,TRUE,'Programmabile',NULL),
('Michele','Vitale','1985-05-18',FALSE,'michele.vitale@gmail.com','PZT0131NEWDAT32','Salerno','M','2025-11-25',0.0,TRUE,'Programmabile',NULL),
('Eleonora','Messina','1994-02-10',FALSE,'eleonora.messina@gmail.com','PZT0132NEWDAT33','Caserta','F','2025-09-11',0.0,TRUE,'Urgente','RSSGIA90T45L219C'),
('Filippo','D’Amico','1990-09-25',FALSE,'filippo.damico@gmail.com','PZT0133NEWDAT34','Avellino','M','2025-09-13',0.0,TRUE,'Urgente','ESPANT75C12H501D'),
('Anna','Ruggiero','1998-04-05',FALSE,'anna.ruggiero@gmail.com','PZT0134NEWDAT35','Benevento','F','2025-09-16',0.0,TRUE,'Breve',NULL),
('Pietro','Longo','1987-11-12',FALSE,'pietro.longo@gmail.com','PZT0135NEWDAT36','Napoli','M','2025-09-19',0.0,TRUE,'Breve',NULL),
('Cristina','Galli','1996-07-30',FALSE,'cristina.galli@gmail.com','PZT0136NEWDAT37','Salerno','F','2025-09-21',0.0,TRUE,'Differibile',NULL),
('Luigi','Costantini','1983-03-08',FALSE,'luigi.costantini@gmail.com','PZT0137NEWDAT38','Caserta','M','2025-09-23',0.0,TRUE,'Differibile',NULL),
('Marta','Fabbri','2001-10-20',FALSE,'marta.fabbri@gmail.com','PZT0138NEWDAT39','Avellino','F','2025-09-26',0.0,TRUE,'Programmabile',NULL),
('Giacomo','Caruso','1992-06-14',FALSE,'giacomo.caruso@gmail.com','PZT0139NEWDAT40','Benevento','M','2025-09-29',0.0,TRUE,'Programmabile',NULL),
('Ilaria','D’Angelo','1999-01-22',FALSE,'ilaria.dangelo@gmail.com','PZT0140NEWDAT41','Napoli','F','2025-10-02',0.0,TRUE,'Urgente','CLMBRT82E20F205F'),
('Samuele','Palmieri','1986-08-30',FALSE,'samuele.palmieri@gmail.com','PZT0141NEWDAT42','Salerno','M','2025-10-04',0.0,TRUE,'Urgente','MRNMTT89R10G273H'),
('Camilla','Bernardi','1995-04-12',FALSE,'camilla.bernardi@gmail.com','PZT0142NEWDAT43','Caserta','F','2025-10-07',0.0,TRUE,'Breve',NULL),
('Emanuele','Martinelli','1991-12-18',FALSE,'emanuele.martinelli@gmail.com','PZT0143NEWDAT44','Avellino','M','2025-10-09',0.0,TRUE,'Breve',NULL),
('Roberta','Conte','1997-09-05',FALSE,'roberta.conte@gmail.com','PZT0144NEWDAT45','Benevento','F','2025-10-11',0.0,TRUE,'Differibile',NULL),
('Daniele','De Rosa','1989-02-28',FALSE,'daniele.derosa@gmail.com','PZT0145NEWDAT46','Napoli','M','2025-10-13',0.0,TRUE,'Differibile',NULL),
('Noemi','Parisi','2000-11-15',FALSE,'noemi.parisi@gmail.com','PZT0146NEWDAT47','Salerno','F','2025-10-16',0.0,TRUE,'Programmabile',NULL),
('Vincenzo','Gentile','1993-06-02',FALSE,'vincenzo.gentile@gmail.com','PZT0147NEWDAT48','Caserta','M','2025-10-19',0.0,TRUE,'Programmabile',NULL),
('Arianna','Marra','1996-03-25',FALSE,'arianna.marra@gmail.com','PZT0148NEWDAT49','Avellino','F','2025-10-21',0.0,TRUE,'Urgente','VRDLGI80A01H501A'),
('Massimo','Silvestri','1984-10-08',FALSE,'massimo.silvestri@gmail.com','PZT0149NEWDAT50','Benevento','M','2025-10-23',0.0,TRUE,'Urgente','BNCMRC85M02F205B'),
('Greta','Fiorillo','1998-05-18',FALSE,'greta.fiorillo@gmail.com','PZT0150NEWDAT51','Napoli','F','2025-10-26',0.0,TRUE,'Breve',NULL);
INSERT INTO paziente 
(nome, cognome, data_nascita, terms, email, cod_fiscale, residenza, sesso, data_ingresso, score, stato, id_priorita, id_psicologo)
VALUES
('Claudio','De Filippo','1990-11-30',FALSE,'claudio.defilippo@gmail.com','PZT0151NEWDAT52','Salerno','M','2025-10-29',0.0,TRUE,'Breve',NULL),
('Miriam','Caputo','1994-07-12',FALSE,'miriam.caputo@gmail.com','PZT0152NEWDAT53','Caserta','F','2025-10-31',0.0,TRUE,'Differibile',NULL),
('Fabio','Sorrentino','1988-01-05',FALSE,'fabio.sorrentino@gmail.com','PZT0153NEWDAT54','Avellino','M','2025-11-02',0.0,TRUE,'Differibile',NULL),
('Debora','Guida','2001-09-22',FALSE,'debora.guida@gmail.com','PZT0154NEWDAT55','Benevento','F','2025-11-04',0.0,TRUE,'Programmabile',NULL),
('Roberto','Romano','1985-04-14',FALSE,'roberto.romano@gmail.com','PZT0155NEWDAT56','Napoli','M','2025-11-07',0.0,TRUE,'Programmabile',NULL),
('Giada','Fusco','1999-12-08',FALSE,'giada.fusco@gmail.com','PZT0156NEWDAT57','Salerno','F','2025-11-09',0.0,TRUE,'Urgente','RSSGIA90T45L219C'),
('Paolo','Esposito','1992-08-20',FALSE,'paolo.esposito@gmail.com','PZT0157NEWDAT58','Caserta','M','2025-11-11',0.0,TRUE,'Urgente','ESPANT75C12H501D'),
('Vanessa','Cirillo','1995-02-02',FALSE,'vanessa.cirillo@gmail.com','PZT0158NEWDAT59','Avellino','F','2025-11-14',0.0,TRUE,'Breve',NULL),
('Enrico','Piro','1987-10-18',FALSE,'enrico.piro@gmail.com','PZT0159NEWDAT60','Benevento','M','2025-11-16',0.0,TRUE,'Breve',NULL),
('Lara','Mauro','2000-06-10',FALSE,'lara.mauro@gmail.com','PZT0160NEWDAT61','Napoli','F','2025-11-19',0.0,TRUE,'Differibile',NULL),
('Angelo','Pepe','1993-11-25',FALSE,'angelo.pepe@gmail.com','PZT0161NEWDAT62','Salerno','M','2025-11-21',0.0,TRUE,'Differibile',NULL),
('Serena','Izzo','1996-03-05',FALSE,'serena.izzo@gmail.com','PZT0162NEWDAT63','Caserta','F','2025-11-23',0.0,TRUE,'Programmabile',NULL),
('Valerio','Sessa','1991-09-15',FALSE,'valerio.sessa@gmail.com','PZT0163NEWDAT64','Avellino','M','2025-11-26',0.0,TRUE,'Programmabile',NULL),
('Erica','Martino','1998-01-28',FALSE,'erica.martino@gmail.com','PZT0164NEWDAT65','Benevento','F','2025-11-28',0.0,TRUE,'Urgente','CLMBRT82E20F205F'),
('Salvatore','Grimaldi','1984-07-08',FALSE,'salvatore.grimaldi@gmail.com','PZT0165NEWDAT66','Napoli','M','2025-11-30',0.0,TRUE,'Urgente','MRNMTT89R10G273H'),
('Simona','De Luca','1994-04-19',FALSE,'simona.deluca@gmail.com','PZT0166NEWDAT67','Salerno','F','2025-09-14',0.0,TRUE,'Breve',NULL),
('Federico','Pellegrino','1989-12-02',FALSE,'federico.pellegrino@gmail.com','PZT0167NEWDAT68','Caserta','M','2025-09-17',0.0,TRUE,'Breve',NULL),
('Carla','Barone','2001-08-11',FALSE,'carla.barone@gmail.com','PZT0168NEWDAT69','Avellino','F','2025-09-20',0.0,TRUE,'Differibile',NULL),
('Mauro','Basile','1990-05-25',FALSE,'mauro.basile@gmail.com','PZT0169NEWDAT70','Benevento','M','2025-09-22',0.0,TRUE,'Differibile',NULL),
('Tiziana','Pagano','1997-11-08',FALSE,'tiziana.pagano@gmail.com','PZT0170NEWDAT71','Napoli','F','2025-09-24',0.0,TRUE,'Programmabile',NULL),
('Raffaele','Rizzo','1986-02-14',FALSE,'raffaele.rizzo@gmail.com','PZT0171NEWDAT72','Salerno','M','2025-09-27',0.0,TRUE,'Programmabile',NULL),
('Marika','De Angelis','1995-09-30',FALSE,'marika.deangelis@gmail.com','PZT0172NEWDAT73','Caserta','F','2025-10-01',0.0,TRUE,'Urgente','VRDLGI80A01H501A'),
('Gianluca','Ferro','1992-03-12',FALSE,'gianluca.ferro@gmail.com','PZT0173NEWDAT74','Avellino','M','2025-10-03',0.0,TRUE,'Urgente','BNCMRC85M02F205B'),
('Adele','Bruno','1999-06-20',FALSE,'adele.bruno@gmail.com','PZT0174NEWDAT75','Benevento','F','2025-10-06',0.0,TRUE,'Breve',NULL),
('Dario','Testa','1983-10-05',FALSE,'dario.testa@gmail.com','PZT0175NEWDAT76','Napoli','M','2025-10-08',0.0,TRUE,'Breve',NULL),
('Caterina','Grasso','1996-01-18',FALSE,'caterina.grasso@gmail.com','PZT0176NEWDAT77','Salerno','F','2025-10-10',0.0,TRUE,'Differibile',NULL),
('Guido','Simeone','1988-08-25',FALSE,'guido.simeone@gmail.com','PZT0177NEWDAT78','Caserta','M','2025-10-12',0.0,TRUE,'Differibile',NULL),
('Lucia','Ventura','2002-04-02',FALSE,'lucia.ventura@gmail.com','PZT0178NEWDAT79','Avellino','F','2025-10-15',0.0,TRUE,'Programmabile',NULL),
('Adriano','Longo','1991-11-15',FALSE,'adriano.longo@gmail.com','PZT0179NEWDAT80','Benevento','M','2025-10-17',0.0,TRUE,'Programmabile',NULL),
('Monica','Iorio','1994-07-28',FALSE,'monica.iorio@gmail.com','PZT0180NEWDAT81','Napoli','F','2025-10-20',0.0,TRUE,'Urgente','RSSGIA90T45L219C'),
('Renato','Salerno','1985-12-10',FALSE,'renato.salerno@gmail.com','PZT0181NEWDAT82','Salerno','M','2025-10-22',0.0,TRUE,'Urgente','ESPANT75C12H501D'),
('Sonia','Massa','2000-03-08',FALSE,'sonia.massa@gmail.com','PZT0182NEWDAT83','Caserta','F','2025-10-24',0.0,TRUE,'Breve',NULL),
('Edoardo','Pinto','1993-09-20',FALSE,'edoardo.pinto@gmail.com','PZT0183NEWDAT84','Avellino','M','2025-10-27',0.0,TRUE,'Breve',NULL),
('Barbara','Di Maio','1998-05-12',FALSE,'barbara.dimaio@gmail.com','PZT0184NEWDAT85','Benevento','F','2025-10-29',0.0,TRUE,'Differibile',NULL),
('Ivan','Gargiulo','1987-01-25',FALSE,'ivan.gargiulo@gmail.com','PZT0185NEWDAT86','Napoli','M','2025-11-01',0.0,TRUE,'Differibile',NULL),
('Antonella','Ferraioli','1995-10-15',FALSE,'antonella.ferraioli@gmail.com','PZT0186NEWDAT87','Salerno','F','2025-11-03',0.0,TRUE,'Programmabile',NULL),
('Oscar','De Sio','1990-06-05',FALSE,'oscar.desio@gmail.com','PZT0187NEWDAT88','Caserta','M','2025-11-05',0.0,TRUE,'Programmabile',NULL),
('Elvira','Santoro','2001-02-18',FALSE,'elvira.santoro@gmail.com','PZT0188NEWDAT89','Avellino','F','2025-11-08',0.0,TRUE,'Urgente','CLMBRT82E20F205F'),
('Maurizio','Lamberti','1984-08-30',FALSE,'maurizio.lamberti@gmail.com','PZT0189NEWDAT90','Benevento','M','2025-11-10',0.0,TRUE,'Urgente','MRNMTT89R10G273H'),
('Diana','D’Amato','1997-12-12',FALSE,'diana.damato@gmail.com','PZT0190NEWDAT91','Napoli','F','2025-11-12',0.0,TRUE,'Breve',NULL),
('Vito','Maiorano','1992-04-25',FALSE,'vito.maiorano@gmail.com','PZT0191NEWDAT92','Salerno','M','2025-11-15',0.0,TRUE,'Breve',NULL),
('Annalisa','Rea','1996-07-08',FALSE,'annalisa.rea@gmail.com','PZT0192NEWDAT93','Caserta','F','2025-11-17',0.0,TRUE,'Differibile',NULL),
('Carmine','Ruocco','1989-11-18',FALSE,'carmine.ruocco@gmail.com','PZT0193NEWDAT94','Avellino','M','2025-11-20',0.0,TRUE,'Differibile',NULL),
('Patrizia','De Simone','2002-09-02',FALSE,'patrizia.desimone@gmail.com','PZT0194NEWDAT95','Benevento','F','2025-11-22',0.0,TRUE,'Programmabile',NULL),
('Rocco','Apicella','1986-03-14',FALSE,'rocco.apicella@gmail.com','PZT0195NEWDAT96','Napoli','M','2025-11-24',0.0,TRUE,'Programmabile',NULL),
('Manuela','Iannone','1999-05-28',FALSE,'manuela.iannone@gmail.com','PZT0196NEWDAT97','Salerno','F','2025-11-27',0.0,TRUE,'Urgente','VRDLGI80A01H501A'),
('Umberto','Califano','1993-01-10',FALSE,'umberto.califano@gmail.com','PZT0197NEWDAT98','Caserta','M','2025-11-29',0.0,TRUE,'Urgente','BNCMRC85M02F205B'),
('Sabrina','Varriale','1998-08-22',FALSE,'sabrina.varriale@gmail.com','PZT0198NEWDAT99','Avellino','F','2025-09-12',0.0,TRUE,'Breve',NULL),
('Gustavo','Cioffi','1985-12-05',FALSE,'gustavo.cioffi@gmail.com','PZT0199NEWDAT100','Benevento','M','2025-09-15',0.0,TRUE,'Breve',NULL),
('Clara','Abate','1994-06-15',FALSE,'clara.abate@gmail.com','PZT0200NEWDAT101','Napoli','F','2025-09-18',0.0,TRUE,'Differibile',NULL),
('Flavio','Sgambato','1990-10-30',FALSE,'flavio.sgambato@gmail.com','PZT0201NEWDAT102','Salerno','M','2025-09-21',0.0,TRUE,'Differibile',NULL),
('Lidia','Napolitano','2001-02-05',FALSE,'lidia.napolitano@gmail.com','PZT0202NEWDAT103','Caserta','F','2025-09-23',0.0,TRUE,'Programmabile',NULL),
('Bruno','Formisano','1988-09-12',FALSE,'bruno.formisano@gmail.com','PZT0203NEWDAT104','Avellino','M','2025-09-25',0.0,TRUE,'Programmabile',NULL),
('Amelia','Savarese','1997-12-28',FALSE,'amelia.savarese@gmail.com','PZT0204NEWDAT105','Benevento','F','2025-09-28',0.0,TRUE,'Urgente','RSSGIA90T45L219C'),
('Nello','Balzano','1992-04-10',FALSE,'nello.balzano@gmail.com','PZT0205NEWDAT106','Napoli','M','2025-10-01',0.0,TRUE,'Urgente','ESPANT75C12H501D'),
('Rossella','Annunziata','2000-08-14',FALSE,'rossella.annunziata@gmail.com','PZT0206NEWDAT107','Salerno','F','2025-10-04',0.0,TRUE,'Breve',NULL),
('Ernesto','D’Alessandro','1986-01-22',FALSE,'ernesto.dalessandro@gmail.com','PZT0207NEWDAT108','Caserta','M','2025-10-07',0.0,TRUE,'Breve',NULL),
('Viola','Di Lorenzo','1995-11-02',FALSE,'viola.dilorenzo@gmail.com','PZT0208NEWDAT109','Avellino','F','2025-10-10',0.0,TRUE,'Differibile',NULL),
('Sergio','Landi','1991-03-18',FALSE,'sergio.landi@gmail.com','PZT0209NEWDAT110','Benevento','M','2025-10-12',0.0,TRUE,'Differibile',NULL),
('Flora','Piscopo','1999-07-25',FALSE,'flora.piscopo@gmail.com','PZT0210NEWDAT111','Napoli','F','2025-10-14',0.0,TRUE,'Programmabile',NULL),
('Alfredo','Castaldo','1984-12-08',FALSE,'alfredo.castaldo@gmail.com','PZT0211NEWDAT112','Salerno','M','2025-10-16',0.0,TRUE,'Programmabile',NULL),
('Margherita','Somma','2002-05-30',FALSE,'margherita.somma@gmail.com','PZT0212NEWDAT113','Caserta','F','2025-10-19',0.0,TRUE,'Urgente','CLMBRT82E20F205F'),
('Gerardo','Cavaliere','1993-09-05',FALSE,'gerardo.cavaliere@gmail.com','PZT0213NEWDAT114','Avellino','M','2025-10-21',0.0,TRUE,'Urgente','MRNMTT89R10G273H'),
('Ester','Alfano','1996-02-12',FALSE,'ester.alfano@gmail.com','PZT0214NEWDAT115','Benevento','F','2025-10-23',0.0,TRUE,'Breve',NULL),
('Domenico','Russo','1989-10-28',FALSE,'domenico.russo2@gmail.com','PZT0215NEWDAT116','Napoli','M','2025-10-25',0.0,TRUE,'Breve',NULL),
('Cecilia','Esposito','1994-06-08',FALSE,'cecilia.esposito2@gmail.com','PZT0216NEWDAT117','Salerno','F','2025-10-28',0.0,TRUE,'Differibile',NULL),
('Ruggiero','Romano','1990-11-15',FALSE,'ruggiero.romano2@gmail.com','PZT0217NEWDAT118','Caserta','M','2025-10-30',0.0,TRUE,'Differibile',NULL),
('Ida','Colombo','2001-03-22',FALSE,'ida.colombo2@gmail.com','PZT0218NEWDAT119','Avellino','F','2025-11-02',0.0,TRUE,'Programmabile',NULL),
('Biagio','Ricci','1987-07-05',FALSE,'biagio.ricci2@gmail.com','PZT0219NEWDAT120','Benevento','M','2025-11-04',0.0,TRUE,'Programmabile',NULL),
('Ginevra','Marino','1998-01-14',FALSE,'ginevra.marino2@gmail.com','PZT0220NEWDAT121','Napoli','F','2025-11-06',0.0,TRUE,'Urgente','VRDLGI80A01H501A'),
('Aurelio','Greco','1992-09-25',FALSE,'aurelio.greco2@gmail.com','PZT0221NEWDAT122','Salerno','M','2025-11-08',0.0,TRUE,'Urgente','BNCMRC85M02F205B'),
('Tiziano','Bruno','1995-04-10',FALSE,'tiziano.bruno2@gmail.com','PZT0222NEWDAT123','Caserta','M','2025-11-11',0.0,TRUE,'Breve',NULL),
('Agata','Gallo','2000-08-18',FALSE,'agata.gallo2@gmail.com','PZT0223NEWDAT124','Avellino','F','2025-11-13',0.0,TRUE,'Breve',NULL),
('Emilio','Conti','1986-12-30',FALSE,'emilio.conti2@gmail.com','PZT0224NEWDAT125','Benevento','M','2025-11-15',0.0,TRUE,'Differibile',NULL),
('Fausto','De Luca','1991-05-05',FALSE,'fausto.deluca2@gmail.com','PZT0225NEWDAT126','Napoli','M','2025-11-17',0.0,TRUE,'Differibile',NULL),
('Melissa','Costa','1999-10-12',FALSE,'melissa.costa2@gmail.com','PZT0226NEWDAT127','Salerno','F','2025-11-20',0.0,TRUE,'Programmabile',NULL),
('Leandro','Giordano','1983-02-28',FALSE,'leandro.giordano2@gmail.com','PZT0227NEWDAT128','Caserta','M','2025-11-22',0.0,TRUE,'Programmabile',NULL),
('Angelica','Rizzo','1997-11-08',FALSE,'angelica.rizzo2@gmail.com','PZT0228NEWDAT129','Avellino','F','2025-11-24',0.0,TRUE,'Urgente','RSSGIA90T45L219C'),
('Ferruccio','Lombardi','1994-03-15',FALSE,'ferruccio.lombardi2@gmail.com','PZT0229NEWDAT130','Benevento','M','2025-11-26',0.0,TRUE,'Urgente','ESPANT75C12H501D'),
('Dalia','Moretti','2002-06-25',FALSE,'dalia.moretti2@gmail.com','PZT0230NEWDAT131','Napoli','F','2025-11-28',0.0,TRUE,'Breve',NULL),
('Cosimo','Barbieri','1989-09-02',FALSE,'cosimo.barbieri2@gmail.com','PZT0231NEWDAT132','Salerno','M','2025-11-30',0.0,TRUE,'Breve',NULL),
('Eliana','Fontana','1996-01-20',FALSE,'eliana.fontana2@gmail.com','PZT0232NEWDAT133','Caserta','F','2025-09-11',0.0,TRUE,'Differibile',NULL),
('Libero','Sartori','1990-07-14',FALSE,'libero.sartori2@gmail.com','PZT0233NEWDAT134','Avellino','M','2025-09-13',0.0,TRUE,'Differibile',NULL),
('Rebecca','Mariani','1998-12-05',FALSE,'rebecca.mariani2@gmail.com','PZT0234NEWDAT135','Benevento','F','2025-09-16',0.0,TRUE,'Programmabile',NULL),
('Cesare','Rinaldi','1985-04-22',FALSE,'cesare.rinaldi@gmail.com','PZT0235NEWDAT136','Napoli','M','2025-09-18',0.0,TRUE,'Programmabile',NULL),
('Gemma','Carbone','1993-10-10',FALSE,'gemma.carbone2@gmail.com','PZT0236NEWDAT137','Salerno','F','2025-09-20',0.0,TRUE,'Urgente','CLMBRT82E20F205F'),
('Tancredi','Ferrara','1988-05-30',FALSE,'tancredi.ferrara2@gmail.com','PZT0237NEWDAT138','Caserta','M','2025-09-23',0.0,TRUE,'Urgente','MRNMTT89R10G273H'),
('Asia','Santoro','2001-08-15',FALSE,'asia.santoro2@gmail.com','PZT0238NEWDAT139','Avellino','F','2025-09-25',0.0,TRUE,'Breve',NULL),
('Saverio','Marchetti','1991-11-25',FALSE,'saverio.marchetti2@gmail.com','PZT0239NEWDAT140','Benevento','M','2025-09-27',0.0,TRUE,'Breve',NULL),
('Noa','Galli','1999-03-08',FALSE,'noa.galli2@gmail.com','PZT0240NEWDAT141','Napoli','F','2025-09-29',0.0,TRUE,'Differibile',NULL),
('Leone','Martini','1984-09-18',FALSE,'leone.martini@gmail.com','PZT0241NEWDAT142','Salerno','M','2025-10-02',0.0,TRUE,'Differibile',NULL),
('Selene','Leone','1995-02-12',FALSE,'selene.leone@gmail.com','PZT0242NEWDAT143','Caserta','F','2025-10-05',0.0,TRUE,'Programmabile',NULL),
('Paride','Longo','1992-06-28',FALSE,'paride.longo2@gmail.com','PZT0243NEWDAT144','Avellino','M','2025-10-07',0.0,TRUE,'Programmabile',NULL),
('Vera','Gentile','1997-12-02',FALSE,'vera.gentile2@gmail.com','PZT0244NEWDAT145','Benevento','F','2025-10-09',0.0,TRUE,'Urgente','VRDLGI80A01H501A'),
('Duccio','Martinelli','1987-10-20',FALSE,'duccio.martinelli2@gmail.com','PZT0245NEWDAT146','Napoli','M','2025-10-12',0.0,TRUE,'Urgente','BNCMRC85M02F205B'),
('Lia','Villa','2002-04-18',FALSE,'lia.villa2@gmail.com','PZT0246NEWDAT147','Salerno','F','2025-10-14',0.0,TRUE,'Breve',NULL),
('Manlio','Conte','1986-08-05',FALSE,'manlio.conte2@gmail.com','PZT0247NEWDAT148','Caserta','M','2025-10-17',0.0,TRUE,'Breve',NULL),
('Sveva','Bernardi','1994-11-12',FALSE,'sveva.bernardi2@gmail.com','PZT0248NEWDAT149','Avellino','F','2025-10-20',0.0,TRUE,'Differibile',NULL),
('Ermanno','De Rosa','1990-01-25',FALSE,'ermanno.derosa2@gmail.com','PZT0249NEWDAT150','Benevento','M','2025-10-22',0.0,TRUE,'Differibile',NULL),
('Dafne','Parisi','1996-05-30',FALSE,'dafne.parisi2@gmail.com','PZT0250NEWDAT151','Napoli','F','2025-10-25',0.0,TRUE,'Programmabile',NULL),
('Glauco','Ruggiero','1983-12-15',FALSE,'glauco.ruggiero2@gmail.com','PZT0251NEWDAT152','Salerno','M','2025-10-27',0.0,TRUE,'Programmabile',NULL),
('Tea','De Santis','2000-07-22',FALSE,'tea.desantis2@gmail.com','PZT0252NEWDAT153','Caserta','F','2025-10-30',0.0,TRUE,'Urgente','RSSGIA90T45L219C'),
('Corrado','Monti','1993-02-10',FALSE,'corrado.monti2@gmail.com','PZT0253NEWDAT154','Avellino','M','2025-11-01',0.0,TRUE,'Urgente','ESPANT75C12H501D'),
('Iris','Orlando','1998-09-05',FALSE,'iris.orlando2@gmail.com','PZT0254NEWDAT155','Benevento','F','2025-11-04',0.0,TRUE,'Breve',NULL),
('Luciano','Gatti','1989-03-18',FALSE,'luciano.gatti2@gmail.com','PZT0255NEWDAT156','Napoli','M','2025-11-06',0.0,TRUE,'Breve',NULL),
('Micol','Palumbo','1995-10-12',FALSE,'micol.palumbo2@gmail.com','PZT0256NEWDAT157','Salerno','F','2025-11-09',0.0,TRUE,'Differibile',NULL),
('Fulvio','Riva','1991-06-25',FALSE,'fulvio.riva2@gmail.com','PZT0257NEWDAT158','Caserta','M','2025-11-11',0.0,TRUE,'Differibile',NULL),
('Zoe','Ferri','2001-11-08',FALSE,'zoe.ferri2@gmail.com','PZT0258NEWDAT159','Avellino','F','2025-11-14',0.0,TRUE,'Programmabile',NULL),
('Orazio','Benedetti','1985-04-02',FALSE,'orazio.benedetti2@gmail.com','PZT0259NEWDAT160','Benevento','M','2025-11-16',0.0,TRUE,'Programmabile',NULL),
('Clio','Morelli','1997-08-14',FALSE,'clio.morelli@gmail.com','PZT0260NEWDAT161','Napoli','F','2025-11-18',0.0,TRUE,'Urgente','CLMBRT82E20F205F'),
('Nereo','Palmieri','1992-12-30',FALSE,'nereo.palmieri2@gmail.com','PZT0261NEWDAT162','Salerno','M','2025-11-21',0.0,TRUE,'Urgente','MRNMTT89R10G273H'),
('Maia','Grimaldi','1999-02-18',FALSE,'maia.grimaldi2@gmail.com','PZT0262NEWDAT163','Caserta','F','2025-11-23',0.0,TRUE,'Breve',NULL),
('Tullo','Rossetti','1988-06-05',FALSE,'tullo.rossetti2@gmail.com','PZT0263NEWDAT164','Avellino','M','2025-11-25',0.0,TRUE,'Breve',NULL),
('Nives','Battaglia','1994-10-22',FALSE,'nives.battaglia2@gmail.com','PZT0264NEWDAT165','Benevento','F','2025-11-28',0.0,TRUE,'Differibile',NULL),
('Elio','Rizzi','1987-01-12',FALSE,'elio.rizzi2@gmail.com','PZT0265NEWDAT166','Napoli','M','2025-11-30',0.0,TRUE,'Differibile',NULL),
('Tessa','Sartori','1996-05-20',FALSE,'tessa.sartori2@gmail.com','PZT0266NEWDAT167','Salerno','F','2025-09-10',0.0,TRUE,'Programmabile',NULL),
('Milo','Fontana','1990-09-08',FALSE,'milo.fontana2@gmail.com','PZT0267NEWDAT168','Caserta','M','2025-09-13',0.0,TRUE,'Programmabile',NULL),
('Petra','Villa','2000-12-15',FALSE,'petra.villa2@gmail.com','PZT0268NEWDAT169','Avellino','F','2025-09-15',0.0,TRUE,'Urgente','VRDLGI80A01H501A'),
('Lupo','Gatti','1993-04-25',FALSE,'lupo.gatti2@gmail.com','PZT0269NEWDAT170','Benevento','M','2025-09-18',0.0,TRUE,'Urgente','BNCMRC85M02F205B'),
('Luce','Rossetti','1998-07-02',FALSE,'luce.rossetti2@gmail.com','PZT0270NEWDAT171','Napoli','F','2025-09-20',0.0,TRUE,'Breve',NULL),
('Iago','Bianco','1986-11-10',FALSE,'iago.bianco2@gmail.com','PZT0271NEWDAT172','Salerno','M','2025-09-23',0.0,TRUE,'Breve',NULL),
('Gea','Mariani','1995-03-28',FALSE,'gea.mariani2@gmail.com','PZT0272NEWDAT173','Caserta','F','2025-09-26',0.0,TRUE,'Differibile',NULL),
('Zeno','Pellegrini','1991-08-14',FALSE,'zeno.pellegrini2@gmail.com','PZT0273NEWDAT174','Avellino','M','2025-09-28',0.0,TRUE,'Differibile',NULL),
('Prisca','Lupi','2002-01-05',FALSE,'prisca.lupi2@gmail.com','PZT0274NEWDAT175','Benevento','F','2025-10-01',0.0,TRUE,'Programmabile',NULL),
('Vasco','Giuliani','1989-05-18',FALSE,'vasco.giuliani2@gmail.com','PZT0275NEWDAT176','Napoli','M','2025-10-03',0.0,TRUE,'Programmabile',NULL),
('Alma','Carbone','1997-09-22',FALSE,'alma.carbone3@gmail.com','PZT0276NEWDAT177','Salerno','F','2025-10-06',0.0,TRUE,'Urgente','RSSGIA90T45L219C'),
('Brenno','De Santis','1992-02-08',FALSE,'brenno.desantis2@gmail.com','PZT0277NEWDAT178','Caserta','M','2025-10-09',0.0,TRUE,'Urgente','ESPANT75C12H501D'),
('Nora','Riva','2001-06-30',FALSE,'nora.riva2@gmail.com','PZT0278NEWDAT179','Avellino','F','2025-10-11',0.0,TRUE,'Breve',NULL),
('Cino','Moretti','1988-10-12',FALSE,'cino.moretti2@gmail.com','PZT0279NEWDAT180','Benevento','M','2025-10-14',0.0,TRUE,'Breve',NULL),
('Egle','Ferri','1994-12-25',FALSE,'egle.ferri2@gmail.com','PZT0280NEWDAT181','Napoli','F','2025-10-17',0.0,TRUE,'Differibile',NULL),
('Orso','Benedetti','1990-04-05',FALSE,'orso.benedetti2@gmail.com','PZT0281NEWDAT182','Salerno','M','2025-10-19',0.0,TRUE,'Differibile',NULL),
('Bice','Barbieri','1999-08-18',FALSE,'bice.barbieri2@gmail.com','PZT0282NEWDAT183','Caserta','F','2025-10-22',0.0,TRUE,'Programmabile',NULL),
('Loris','Pellegrino','1987-01-30',FALSE,'loris.pellegrino2@gmail.com','PZT0283NEWDAT184','Avellino','M','2025-10-24',0.0,TRUE,'Programmabile',NULL),
('Cloe','De Luca','1996-05-12',FALSE,'cloe.deluca3@gmail.com','PZT0284NEWDAT185','Benevento','F','2025-10-27',0.0,TRUE,'Urgente','CLMBRT82E20F205F'),
('Rino','Grimaldi','1993-09-25',FALSE,'rino.grimaldi3@gmail.com','PZT0285NEWDAT186','Napoli','M','2025-10-30',0.0,TRUE,'Urgente','MRNMTT89R10G273H'),
('Fara','Martino','2002-02-08',FALSE,'fara.martino2@gmail.com','PZT0286NEWDAT187','Salerno','F','2025-11-02',0.0,TRUE,'Breve',NULL),
('Gino','Sessa','1991-06-18',FALSE,'gino.sessa2@gmail.com','PZT0287NEWDAT188','Caserta','M','2025-11-05',0.0,TRUE,'Breve',NULL),
('Mina','Izzo','1998-10-22',FALSE,'mina.izzo2@gmail.com','PZT0288NEWDAT189','Avellino','F','2025-11-07',0.0,TRUE,'Differibile',NULL),
('Lino','Pepe','1989-03-05',FALSE,'lino.pepe2@gmail.com','PZT0289NEWDAT190','Benevento','M','2025-11-10',0.0,TRUE,'Differibile',NULL),
('Dina','Mauro','1995-07-14',FALSE,'dina.mauro2@gmail.com','PZT0290NEWDAT191','Napoli','F','2025-11-13',0.0,TRUE,'Programmabile',NULL),
('Pino','Piro','1992-11-28',FALSE,'pino.piro2@gmail.com','PZT0291NEWDAT192','Salerno','M','2025-11-15',0.0,TRUE,'Programmabile',NULL),
('Tina','Cirillo','2001-04-02',FALSE,'tina.cirillo2@gmail.com','PZT0292NEWDAT193','Caserta','F','2025-11-18',0.0,TRUE,'Urgente','VRDLGI80A01H501A'),
('Nino','Esposito','1988-08-15',FALSE,'nino.esposito2@gmail.com','PZT0293NEWDAT194','Avellino','M','2025-11-20',0.0,TRUE,'Urgente','BNCMRC85M02F205B'),
('Lina','Fusco','1997-12-30',FALSE,'lina.fusco2@gmail.com','PZT0294NEWDAT195','Benevento','F','2025-11-22',0.0,TRUE,'Breve',NULL),
('Tino','Romano','1990-05-10',FALSE,'tino.romano2@gmail.com','PZT0295NEWDAT196','Napoli','M','2025-11-25',0.0,TRUE,'Breve',NULL),
('Rina','Guida','1996-09-22',FALSE,'rina.guida2@gmail.com','PZT0296NEWDAT197','Salerno','F','2025-11-27',0.0,TRUE,'Differibile',NULL),
('Dino','Sorrentino','1993-01-05',FALSE,'dino.sorrentino2@gmail.com','PZT0297NEWDAT198','Caserta','M','2025-11-29',0.0,TRUE,'Differibile',NULL),
('Gina','Caputo','2000-06-12',FALSE,'gina.caputo2@gmail.com','PZT0298NEWDAT199','Avellino','F','2025-09-02',0.0,TRUE,'Programmabile',NULL),
('Vico','De Filippo','1987-10-25',FALSE,'vico.defilippo2@gmail.com','PZT0299NEWDAT200','Benevento','M','2025-09-05',0.0,TRUE,'Programmabile',NULL);
-- =================================================================================
-- 7. DOMANDA FORUM
-- 100 domande totali. 20 di Chiara Conti. Testi lunghi >1000 char.
-- =================================================================================
INSERT INTO domanda_forum (titolo, testo, categoria, data_inserimento, id_paziente)
VALUES
-- Chiara Conti
('Ansia per il futuro', 'Non riesco a smettere di pensare a cosa succederà domani, mi manca il respiro.', 'Ansia', '2025-11-21 09:30:00', (SELECT id_paziente FROM paziente WHERE email = 'chiara.conti@gmail.com')),
('Problemi con il partner', 'Ultimamente litighiamo per ogni piccola cosa e non so come gestire la rabbia.', 'Vita di Coppia', '2025-11-21 14:15:00', (SELECT id_paziente FROM paziente WHERE email = 'chiara.conti@gmail.com')),
('Mi sento sempre stanca', 'Anche se dormo tanto, mi sveglio che sono più stanca di prima.', 'Stress', '2025-11-22 08:00:00', (SELECT id_paziente FROM paziente WHERE email = 'chiara.conti@gmail.com')),
('Tristezza improvvisa', 'A volte mi viene da piangere senza un motivo apparente mentre studio.', 'Tristezza', '2025-11-22 18:45:00', (SELECT id_paziente FROM paziente WHERE email = 'chiara.conti@gmail.com')),
('Paura del giudizio', 'Ho paura di uscire di casa e che la gente mi giudichi per come sono.', 'Ansia', '2025-11-23 10:20:00', (SELECT id_paziente FROM paziente WHERE email = 'chiara.conti@gmail.com')),
('Non riesco a studiare', 'La concentrazione è pari a zero, leggo la stessa pagina dieci volte.', 'Stress', '2025-11-23 16:30:00', (SELECT id_paziente FROM paziente WHERE email = 'chiara.conti@gmail.com')),
('Solitudine serale', 'La sera è il momento peggiore, mi sento un vuoto dentro incolmabile.', 'Tristezza', '2025-11-24 21:00:00', (SELECT id_paziente FROM paziente WHERE email = 'chiara.conti@gmail.com')),
('Gelosia ossessiva', 'Controllo il telefono del mio ragazzo e so che è sbagliato ma non resisto.', 'Vita di Coppia', '2025-11-24 22:15:00', (SELECT id_paziente FROM paziente WHERE email = 'chiara.conti@gmail.com')),
('Batticuore continuo', 'Ho la tachicardia anche quando sono seduta sul divano a non fare nulla.', 'Ansia', '2025-11-25 09:00:00', (SELECT id_paziente FROM paziente WHERE email = 'chiara.conti@gmail.com')),
('Voglia di scappare', 'Vorrei prendere un treno e andare via da tutto e tutti per sempre.', 'Stress', '2025-11-25 11:30:00', (SELECT id_paziente FROM paziente WHERE email = 'chiara.conti@gmail.com')),
('Nessuno mi capisce', 'Parlo con la mia famiglia ma sembra che parlino una lingua diversa.', 'Tristezza', '2025-11-26 13:45:00', (SELECT id_paziente FROM paziente WHERE email = 'chiara.conti@gmail.com')),
('Paura di non valere', 'Sento che tutti sono migliori di me e io rimarrò sempre indietro.', 'Ansia', '2025-11-26 15:20:00', (SELECT id_paziente FROM paziente WHERE email = 'chiara.conti@gmail.com')),
('Incomprensioni a due', 'Lui dice che sono pesante, io dico che lui è assente. Come se ne esce?', 'Vita di Coppia', '2025-11-27 19:10:00', (SELECT id_paziente FROM paziente WHERE email = 'chiara.conti@gmail.com')),
('Pressione sociale', 'Tutti si aspettano grandi cose da me e io sento che sto crollando.', 'Stress', '2025-11-27 20:50:00', (SELECT id_paziente FROM paziente WHERE email = 'chiara.conti@gmail.com')),
('Risvegli notturni', 'Mi sveglio alle 3 di notte e non riprendo più sonno per i pensieri.', 'Ansia', '2025-11-28 04:00:00', (SELECT id_paziente FROM paziente WHERE email = 'chiara.conti@gmail.com')),
('Apatia totale oggi', 'Oggi non mi va nemmeno di lavarmi la faccia o vestirmi.', 'Tristezza', '2025-11-28 12:00:00', (SELECT id_paziente FROM paziente WHERE email = 'chiara.conti@gmail.com')),
('Dubbi sulla relazione', 'Non so se lo amo ancora o se sto con lui solo per abitudine e paura.', 'Vita di Coppia', '2025-11-29 10:15:00', (SELECT id_paziente FROM paziente WHERE email = 'chiara.conti@gmail.com')),
('Esplosione di rabbia', 'Ho urlato contro mia madre per una sciocchezza e ora mi sento in colpa.', 'Stress', '2025-11-29 14:40:00', (SELECT id_paziente FROM paziente WHERE email = 'chiara.conti@gmail.com')),
('Attacchi di panico', 'Ieri al supermercato mi mancava l’aria, ho dovuto lasciare la spesa.', 'Ansia', '2025-11-30 11:00:00', (SELECT id_paziente FROM paziente WHERE email = 'chiara.conti@gmail.com')),
('Speranza di stare meglio', 'Scrivo qui perché spero che qualcuno mi dica che passerà.', 'Tristezza', '2025-11-30 18:30:00', (SELECT id_paziente FROM paziente WHERE email = 'chiara.conti@gmail.com')),

-- Domande Lunghe (Mario, Davide, Valentina, Stefano, Giulia, Luca, Pietro, Sara, Francesca, Antonio)
('La mia storia infinita', 'Ho deciso di scrivere tutto quello che mi è successo negli ultimi dieci anni perché non ce la faccio più a tenerlo dentro. Tutto è iniziato quando avevo 15 anni e i miei genitori si sono separati. Da quel momento ho perso ogni punto di riferimento. Mi sentivo sballottato da una casa all''altra senza mai sentirmi veramente a casa. A scuola andavo male, non perché non fossi intelligente, ma perché la testa era sempre altrove. Poi ho incontrato Marco, sembrava la mia salvezza. Con lui mi sentivo protetta, amata, capita. Ma dopo due anni le cose sono cambiate. Ha iniziato a essere geloso, possessivo. Mi controllava il telefono, mi diceva come vestirmi. Io, per paura di perderlo, ho accettato tutto. Mi sono annullata. Ho smesso di vedere le mie amiche, ho lasciato la palestra che adoravo. Ero diventata la sua ombra. Poi un giorno, durante una lite furiosa, ha alzato le mani. Non mi ha colpita, ma ha tirato un pugno al muro vicino alla mia faccia. Lì ho capito che dovevo scappare. Ma la paura mi paralizzava. Ho passato mesi a pianificare come lasciarlo senza scatenare la sua ira. Alla fine ci sono riuscita, ma le cicatrici sono rimaste. Ora, a distanza di anni, non riesco a fidarmi di nessuno. Ogni volta che qualcuno si avvicina, io alzo un muro. Ho attacchi di panico se qualcuno alza la voce. La notte ho gli incubi. Mi sento rotta, difettosa. Ho provato a parlarne con qualcuno ma mi dicono che devo voltare pagina. Come si fa a voltare pagina quando il libro sembra incollato? Vorrei solo tornare a essere quella ragazzina spensierata di 14 anni, prima che tutto crollasse. A volte penso che non sarò mai più felice, che la mia condanna è questa solitudine eterna in mezzo alla gente. Scrivo qui sperando che qualcuno abbia vissuto qualcosa di simile e ne sia uscito, perché io non vedo la luce in fondo al tunnel.', 'Tristezza', '2025-11-01 10:00:00', (SELECT id_paziente FROM paziente WHERE email = 'mario.russo@gmail.com')),
('Stress lavoro correlato', 'Il mio capo mi sta distruggendo psicologicamente e fisicamente. Ogni giorno arrivo in ufficio con il mal di stomaco. Mi assegna compiti impossibili con scadenze ridicole, e se non ci riesco mi umilia davanti ai colleghi. "Sei lento", "Non capisci niente", "Ringrazia che ti pago". Queste sono le frasi che sento ogni giorno. Ho iniziato a portarmi il lavoro a casa, lavoro anche la sera e nei weekend per cercare di stare al passo, ma non basta mai. La mia vita privata è inesistente. La mia compagna mi ha lasciato perché dice che sono sempre nervoso e assente. E ha ragione. Non riesco a staccare. Anche quando dormo sogno le mail a cui non ho risposto. Ho iniziato ad avere problemi di salute: gastrite, mal di testa cronici, dermatiti da stress. Il medico mi ha detto che devo fermarmi, ma ho un mutuo da pagare e non posso permettermi di perdere questo lavoro. Mi sento in trappola. Un topo nella ruota che corre corre e non arriva mai da nessuna parte. Ho provato a cercare altro, ma alla mia età sembra che nessuno voglia assumere o offrono contratti ridicoli. Mi sento un fallito. Guardo i miei amici che sembrano tutti realizzati e felici e mi chiedo dove ho sbagliato. Forse non sono abbastanza bravo? Forse merito di essere trattato così? La mia autostima è sotto i piedi. A volte mentre guido per andare al lavoro spero che si rompa la macchina per avere una scusa per non andare. È normale vivere così? È questa la vita adulta? Solo sofferenza e dovere? Ho bisogno di un consiglio su come gestire questa pressione prima di esplodere definitivamente.', 'Stress', '2025-10-25 18:00:00', (SELECT id_paziente FROM paziente WHERE email = 'davide.greco@gmail.com')),
('Crisi di coppia profonda', 'Siamo sposati da 15 anni e non ci riconosciamo più. Un tempo eravamo complici, ridevamo, facevamo progetti. Ora siamo due coinquilini che si sopportano a malapena. La colazione in silenzio, la cena davanti alla tv per non dover parlare. Non facciamo l''amore da mesi, forse un anno. E la cosa peggiore è che non mi manca. O meglio, mi manca l''intimità, mi manca sentirmi desiderata, ma non con lui. Lui sembra sempre infastidito dalla mia presenza. Se respiro troppo forte sbuffa. Se gli chiedo com''è andata la giornata mi risponde a monosillabi. Ho provato a proporre una terapia di coppia ma dice che sono soldi buttati e che i problemi me li invento io. Ma io mi sento morire dentro. Mi sento sola in una casa piena. Guardo le coppie giovani per strada che si tengono per mano e mi viene da piangere. Ho iniziato a fantasticare su altri uomini, colleghi, sconosciuti. Non l''ho mai tradito, ma il tradimento mentale è costante. Mi chiedo se sia giusto restare insieme "per i figli" o "perché ormai è così". Ho paura di rimanere sola a 45 anni, di dover ricominciare tutto da capo. Chi mi vorrebbe? Ma l''idea di passare i prossimi 30 anni in questo silenzio gelido mi terrorizza ancora di più. A volte spero che succeda qualcosa di esterno che ci costringa a separarci, perché io non ho il coraggio di fare il primo passo. Mi sento vigliacca e infelice. C''è qualcuno che ha recuperato un rapporto così logoro o è meglio mettere la parola fine e cercare di salvarsi?', 'Vita di Coppia', '2025-11-15 21:30:00', (SELECT id_paziente FROM paziente WHERE email = 'valentina.caruso@gmail.com')),
('Ansia sociale invalidante', 'Non riesco più a uscire di casa. È iniziato gradualmente: prima evitavo le feste, poi le cene con gli amici, poi il supermercato negli orari di punta. Ora anche solo l''idea di scendere a buttare la spazzatura mi fa sudare freddo. Ho paura che qualcuno mi veda, mi parli, mi giudichi. Mi sento sempre osservato, come se avessi un riflettore puntato addosso che evidenzia tutti i miei difetti. Se qualcuno ride per strada, penso che stia ridendo di me. Se qualcuno mi guarda, penso che ho qualcosa che non va. Ho perso il lavoro perché non riuscivo più a prendere i mezzi pubblici. Ora vivo con i miei genitori che non capiscono, dicono che sono pigro, che devo solo "sforzarmi". Ma non capiscono che per me è come chiedere a uno senza gambe di correre. Il mio cuore batte all''impazzata, mi manca il respiro, mi gira la testa. Penso che svenirò o che morirò lì davanti a tutti. Passo le mie giornate in camera, al buio, davanti al computer. Lì mi sento al sicuro. Ma so che non è vita questa. Vedo la vita scorrere fuori dalla finestra e io sono qui, prigioniero della mia stessa mente. Ho provato farmaci, ho provato a parlare con qualcuno online, ma la paura è più forte di tutto. Mi sento un mostro, un alieno. Vorrei solo essere normale, poter andare a prendere un caffè senza pensare che sia una missione impossibile. C''è una via d''uscita da questa prigione invisibile o sono condannato a restare chiuso qui dentro per sempre mentre il mondo va avanti senza di me?', 'Ansia', '2025-11-05 14:00:00', (SELECT id_paziente FROM paziente WHERE email = 'stefano.longo@gmail.com')),
('Pensieri intrusivi brutti', 'Ho paura di impazzire. Ho questi pensieri che mi entrano in testa e non se ne vanno. Immagini violente, o l''impulso di fare cose orribili. Sono alla guida e penso "e se sterzassi contro quel muro?". Sono in cucina con un coltello e penso "e se ferissi qualcuno?". So che non lo farei mai, amo la mia famiglia, sono una persona pacifica. Ma il solo fatto di pensarlo mi fa sentire una persona orribile, malvagia. Passo ore a rimuginare su questi pensieri, a cercare di analizzarli, a cercare prove che non sono un mostro. Più cerco di non pensarci, più tornano forti. È estenuante. Non riesco a concentrarmi su nulla. Ho paura a stare da solo con i miei figli per timore di perdere il controllo, anche se non ho mai fatto male a una mosca. Ho letto su internet che potrebbe essere DOC, ma ho paura a dirlo a uno psicologo. E se mi rinchiudono? E se mi tolgono i bambini? Mi sento costantemente sul filo del rasoio. La mia mente è diventata il mio peggior nemico. Non c''è un attimo di pace, nemmeno quando dormo. Mi sveglio stanco morto per la tensione accumulata. Vorrei solo un interruttore per spegnere il cervello per cinque minuti. Qualcuno ha esperienze simili? Si può guarire o sarò tormentato da questi demoni per sempre? Vi prego ditemi che non sono pazzo e che c''è una spiegazione logica a tutto questo orrore che ho nella testa.', 'Ansia', '2025-11-10 09:00:00', (SELECT id_paziente FROM paziente WHERE email = 'giulia.esposito@gmail.com')),
('Tradimento non superato', 'Sono passati due anni da quando ho scoperto che mia moglie mi tradiva con un collega. Abbiamo deciso di riprovarci, lei ha giurato che è finita, che è stato un errore, che ama solo me. Ma io non riesco a dimenticare. Ogni volta che il suo telefono suona, il mio stomaco si chiude. Se fa tardi al lavoro, immagino che sia con lui. Quando facciamo l''amore, mi vengono in mente immagini di loro due insieme e mi blocco. Sono diventato un investigatore privato: controllo i suoi social, la cronologia del pc, gli scontrini. Lei dice che la sto soffocando, che così non si può vivere, e ha ragione. Ma la fiducia è come un vaso di cristallo, una volta rotto puoi incollarlo ma le crepe si vedono sempre. Mi sento umiliato, ferito nell''orgoglio maschile. Mi chiedo cosa aveva lui che io non ho. Mi sento meno uomo. E allo stesso tempo la amo ancora e non voglio perdere la nostra famiglia. Ma vivere così è un inferno. Alterno momenti di calma apparente a sfuriate di rabbia cieca in cui le rinfaccio tutto. Lei piange, io urlo, poi facciamo pace e il ciclo ricomincia. I nostri figli se ne accorgono, li vedo preoccupati. Non voglio che crescano in una casa piena di risentimento. Ma non so come perdonare davvero. Si può perdonare un tradimento o ci stiamo solo prendendo in giro prolungando un''agonia inevitabile? Vorrei solo riuscire a dormire una notte intera senza sognare lei che ride con un altro.', 'Vita di Coppia', '2025-11-20 23:00:00', (SELECT id_paziente FROM paziente WHERE email = 'luca.ferrara@gmail.com')),
('Lutto non elaborato', 'Ho perso mio padre sei mesi fa e mi sembra che il tempo si sia fermato a quel giorno. Tutti mi dicono che devo farmi forza, che la vita continua, ma per me non continua niente. Mi alzo, vado al lavoro, mangio, dormo, ma sono come un robot. Non provo gioia, non provo interesse per nulla. Mi sento in colpa se rido per una battuta, come se tradissi la sua memoria. Avevamo un rapporto complicato, tante cose non dette, tanti litigi. E ora che non c''è più, il rimorso mi sta mangiando vivo. Avrei dovuto chiamarlo di più, avrei dovuto dirgli che gli volevo bene. Ora è troppo tardi e questa consapevolezza mi schiaccia il petto ogni mattina. Vedo gli altri che vivono le loro vite e mi sembrano tutti superficiali, non capiscono che tutto può finire in un secondo? Mi sono allontanato dai miei amici perché non sopporto la loro allegria, i loro problemi banali. Mi sento solo al mondo. Parlo con la sua foto, gli chiedo scusa, ma il silenzio che risponde è assordante. Ho paura di dimenticare la sua voce, il suo profumo. Passo le serate a guardare vecchi video sul telefono. Sto sprofondando in un buco nero e non ho le forze per arrampicarmi fuori. Quanto dura questo dolore? Diventa mai sopportabile o sarò sempre un mezzo uomo con un pezzo di cuore mancante? Ho bisogno di sapere che c''è un dopo, perché adesso vedo solo buio.', 'Tristezza', '2025-11-08 17:15:00', (SELECT id_paziente FROM paziente WHERE email = 'pietro.vitale@gmail.com')),
('Burnout genitoriale', 'Amo i miei figli più della mia vita, ma non ce la faccio più. Sono esausta. Ho un bambino di 3 anni e una di 6 mesi. Non dormo una notte intera da tre anni. Il mio corpo non è più il mio. La mia mente è in pappa. Passo le giornate a pulire, cucinare, cambiare pannolini, gestire capricci, cullare. Mio marito lavora tutto il giorno e quando torna è stanco e vuole riposare. E io? Quando riposo io? Mai. Non vado dal parrucchiere da sei mesi, non leggo un libro, non faccio una doccia che duri più di tre minuti senza che qualcuno urli mamma. Mi sento in colpa perché dovrei essere felice, ho due bambini sani e belli. Invece mi ritrovo a piangere chiusa in bagno mentre loro guardano i cartoni. A volte ho pensieri orribili, tipo "vorrei non averli mai avuti" o "vorrei scappare e non tornare più". Poi mi sento la madre peggiore del mondo. Vedo le altre mamme su Instagram sempre perfette, truccate, con la casa in ordine e i figli che sorridono. Io ho le occhiaie fino alle ginocchia, la casa è un disastro e c''è sempre qualcuno che piange. Mi sento sola, isolata. Le mie amiche senza figli non capiscono, quelle con figli sembrano gestire tutto meglio di me. Sto perdendo la mia identità. Non sono più "Anna", sono solo "la mamma di...". Ho paura di crollare e di fare del male ai bambini con il mio nervosismo. Ho bisogno di aiuto ma mi vergogno a chiederlo perché una madre dovrebbe farcela, no? È questo che ci insegnano. Ma io sto affogando.', 'Stress', '2025-11-12 10:30:00', (SELECT id_paziente FROM paziente WHERE email = 'sara.romano@gmail.com')),
('Ipocondria galoppante', 'Ogni piccolo dolore per me è un tumore terminale. Se ho mal di testa, è un aneurisma. Se ho formicolio al braccio, è un infarto. Passo le ore su Google a cercare sintomi e ovviamente trovo sempre le diagnosi peggiori. Ho fatto visite su visite: cardiologo, neurologo, gastroenterologo. Tutti dicono che sono sano come un pesce, che è solo ansia. Ma io non ci credo. Penso che si siano sbagliati, che non abbiano guardato bene. Spendo metà del mio stipendio in visite private ed esami inutili. La mia famiglia non mi sopporta più, dicono che sono pesante, che mi lamento sempre. Ma la paura che provo è reale. Sento i sintomi davvero. Il cuore mi batte forte, mi manca il fiato, ho le vertigini. Come fa a essere solo la mente? Vivo nel terrore costante della morte. Non riesco a progettare le vacanze perché penso "e se a luglio sarò già morto?". Non compro vestiti nuovi perché "a cosa servono se ho una malattia grave?". È una non-vita. Sono prigioniero del mio corpo e della paura che mi tradisca. Ho provato a non cercare su internet, ma l''impulso è troppo forte. Appena sento qualcosa, devo sapere. E poi parte il panico. Sono in un circolo vizioso: sintomo -> paura -> ansia -> aumento del sintomo -> panico. Non so come spezzare questa catena. Voglio tornare a vivere senza ascoltare ogni battito del mio cuore con il terrore.', 'Ansia', '2025-11-18 16:45:00', (SELECT id_paziente FROM paziente WHERE email = 'francesca.bianchi@gmail.com')),
('Dipendenza affettiva', 'Non riesco a lasciarlo anche se mi tratta male. Mi tradisce, mi mente, mi sminuisce davanti agli altri. Ma appena mi dà una briciola di attenzione, io dimentico tutto e torno scodinzolando. I miei amici mi dicono di svegliarmi, che merito di meglio. Razionalmente lo so. So che è una relazione tossica. Ma l''idea di stare senza di lui mi toglie il fiato. Mi sento come un drogato in astinenza. Quando non mi scrive vado in panico, controllo il suo ultimo accesso ogni due minuti. Quando litighiamo e lui sparisce, io non mangio, non dormo, non riesco a lavorare. Sono disposta a tutto pur di non perderlo, anche a calpestare la mia dignità. Mi faccio schifo da sola. Perché non riesco a volermi bene? Perché penso che senza di lui io non valga niente? Ho paura della solitudine più di quanto ho paura dei suoi maltrattamenti psicologici. Lui lo sa e se ne approfitta. Mi dice che sono pazza, che nessuno mi vorrebbe tranne lui. E io ci credo. Mi ha isolato da tutti, ormai ho solo lui come centro del mio mondo. Vorrei avere la forza di bloccarlo ovunque e sparire, ma so che alla prima chiamata risponderei. Mi sento debole, stupida e senza via d''uscita. Come si guarisce da un amore malato che ti sta consumando l''anima pezzo dopo pezzo?', 'Vita di Coppia', '2025-11-22 13:00:00', (SELECT id_paziente FROM paziente WHERE email = 'antonio.deluca@gmail.com')),
-- Altre 70 Domande
('Confusione totale', 'Non so più cosa voglio fare della mia vita, mi sento perso.', 'Tristezza', '2025-10-15 10:00:00', (SELECT id_paziente FROM paziente WHERE email = 'mario.russo@gmail.com')),
('Panico in auto', 'Non riesco più a guidare in autostrada, mi blocco.', 'Ansia', '2025-10-16 11:30:00', (SELECT id_paziente FROM paziente WHERE email = 'giulia.esposito@gmail.com')),
('Litigi continui', 'Con mia moglie è una guerra continua, non c''è pace.', 'Vita di Coppia', '2025-10-17 09:15:00', (SELECT id_paziente FROM paziente WHERE email = 'luca.ferrara@gmail.com')),
('Troppo lavoro', 'Il capo mi pressa e io non dormo la notte.', 'Stress', '2025-10-18 14:00:00', (SELECT id_paziente FROM paziente WHERE email = 'sara.romano@gmail.com')),
('Mi sento brutto', 'Non riesco a guardarmi allo specchio senza provare disgusto.', 'Tristezza', '2025-10-19 16:45:00', (SELECT id_paziente FROM paziente WHERE email = 'antonio.deluca@gmail.com')),
('Paura del buio', 'Sembra stupido alla mia età ma dormo con la luce accesa.', 'Ansia', '2025-10-20 22:00:00', (SELECT id_paziente FROM paziente WHERE email = 'francesca.bianchi@gmail.com')),
('Sesso assente', 'Non c''è più intimità tra noi da mesi.', 'Vita di Coppia', '2025-10-21 08:30:00', (SELECT id_paziente FROM paziente WHERE email = 'davide.greco@gmail.com')),
('Esame fallito', 'Ho bocciato un esame importante e mi sento un fallito.', 'Stress', '2025-10-22 12:00:00', (SELECT id_paziente FROM paziente WHERE email = 'elena.rizzo@gmail.com')),
('Nostalgia del passato', 'Penso sempre a quando ero bambino e stavo bene.', 'Tristezza', '2025-10-23 18:00:00', (SELECT id_paziente FROM paziente WHERE email = 'pietro.vitale@gmail.com')),
('Tremore alle mani', 'Quando sono nervoso le mani mi tremano e mi vergogno.', 'Ansia', '2025-10-24 10:30:00', (SELECT id_paziente FROM paziente WHERE email = 'roberto.pagano@gmail.com')),
('Non mi ascolta', 'Parlo al muro, il mio partner non mi considera.', 'Vita di Coppia', '2025-10-25 15:00:00', (SELECT id_paziente FROM paziente WHERE email = 'valentina.caruso@gmail.com')),
('Scadenze imminenti', 'Ho troppe cose da fare e poco tempo, vado in tilt.', 'Stress', '2025-10-26 09:00:00', (SELECT id_paziente FROM paziente WHERE email = 'giorgio.marino@gmail.com')),
('Amici spariti', 'Da quando sto male nessuno mi chiama più.', 'Tristezza', '2025-10-27 17:30:00', (SELECT id_paziente FROM paziente WHERE email = 'martina.gallo@gmail.com')),
('Paura delle malattie', 'Ogni dolore penso sia qualcosa di grave.', 'Ansia', '2025-10-28 11:00:00', (SELECT id_paziente FROM paziente WHERE email = 'alessio.bruno@gmail.com')),
('Gelosia del passato', 'Non sopporto che lei abbia avuto altre storie prima di me.', 'Vita di Coppia', '2025-10-29 20:00:00', (SELECT id_paziente FROM paziente WHERE email = 'federica.ricci@gmail.com')),
('Famiglia invadente', 'I miei suoceri si intromettono in tutto e io scoppio.', 'Stress', '2025-10-30 13:00:00', (SELECT id_paziente FROM paziente WHERE email = 'simone.orlando@gmail.com')),
('Piango spesso', 'Mi commuovo per ogni cosa, anche la pubblicità.', 'Tristezza', '2025-10-31 16:00:00', (SELECT id_paziente FROM paziente WHERE email = 'ilaria.costa@gmail.com')),
('Ansia da prestazione', 'A letto ho paura di fare cilecca e quindi evito.', 'Ansia', '2025-11-01 23:00:00', (SELECT id_paziente FROM paziente WHERE email = 'gabriele.sacco@gmail.com')),
('Tradimento virtuale', 'Lui chatta con altre, dice che è solo gioco ma io sto male.', 'Vita di Coppia', '2025-11-02 10:00:00', (SELECT id_paziente FROM paziente WHERE email = 'noemi.damato@gmail.com')),
('Trasloco da incubo', 'Cambiare casa mi sta stressando oltre ogni limite.', 'Stress', '2025-11-03 14:00:00', (SELECT id_paziente FROM paziente WHERE email = 'stefano.longo@gmail.com')),
('Mi sento inutile', 'Non ho un lavoro e mi sento un peso per tutti.', 'Tristezza', '2025-11-04 09:30:00', (SELECT id_paziente FROM paziente WHERE email = 'anna.derosa@gmail.com')),
('Fobia sociale', 'Le feste mi terrorizzano, preferisco stare a casa.', 'Ansia', '2025-11-05 19:00:00', (SELECT id_paziente FROM paziente WHERE email = 'michele.palumbo@gmail.com')),
('Amore finito?', 'Non sento più le farfalle nello stomaco, è grave?', 'Vita di Coppia', '2025-11-06 12:00:00', (SELECT id_paziente FROM paziente WHERE email = 'aurora.villa@gmail.com')),
('Soldi che non bastano', 'Arrivare a fine mese è un''ansia continua.', 'Stress', '2025-11-07 15:30:00', (SELECT id_paziente FROM paziente WHERE email = 'claudio.serra@gmail.com')),
('Nessuno mi ama', 'Penso che rimarrò sola per sempre.', 'Tristezza', '2025-11-08 21:30:00', (SELECT id_paziente FROM paziente WHERE email = 'rosa.martinelli@gmail.com')),
('Paura di volare', 'Devo prendere un aereo e non dormo da giorni.', 'Ansia', '2025-11-09 08:00:00', (SELECT id_paziente FROM paziente WHERE email = 'enrico.giordano@gmail.com')),
('Lui non vuole figli', 'Io vorrei una famiglia, lui no. Siamo a un bivio.', 'Vita di Coppia', '2025-11-10 17:00:00', (SELECT id_paziente FROM paziente WHERE email = 'lucia.santoro@gmail.com')),
('Traffico e rabbia', 'Perdo la testa quando guido nel traffico.', 'Stress', '2025-11-11 11:00:00', (SELECT id_paziente FROM paziente WHERE email = 'fabio.colombo@gmail.com')),
('Lutto del cane', 'Il mio cane è morto e sono disperata.', 'Tristezza', '2025-11-12 16:00:00', (SELECT id_paziente FROM paziente WHERE email = 'ginevra.basile@gmail.com')),
('Sudorazione eccessiva', 'Sudo quando parlo con le persone, che imbarazzo.', 'Ansia', '2025-11-13 13:00:00', (SELECT id_paziente FROM paziente WHERE email = 'salvatore.dipaola@gmail.com')),
('Lei è disordinata', 'Il disordine in casa mi fa impazzire, lei non capisce.', 'Vita di Coppia', '2025-11-14 20:00:00', (SELECT id_paziente FROM paziente WHERE email = 'irene.mazza@gmail.com')),
('Rumori molesti', 'I vicini fanno rumore e io non mi rilasso mai.', 'Stress', '2025-11-15 10:00:00', (SELECT id_paziente FROM paziente WHERE email = 'tommaso.guerra@gmail.com')),
('Non ho hobby', 'La mia vita è vuota, solo lavoro e divano.', 'Tristezza', '2025-11-16 15:00:00', (SELECT id_paziente FROM paziente WHERE email = 'paola.vitale@gmail.com')),
('Paura dei ragni', 'Ho visto un ragno e ho avuto un attacco di panico.', 'Ansia', '2025-11-17 09:00:00', (SELECT id_paziente FROM paziente WHERE email = 'carmine.barone@gmail.com')),
('Dipendenza dal partner', 'Non so fare nulla senza di lui.', 'Vita di Coppia', '2025-11-18 18:00:00', (SELECT id_paziente FROM paziente WHERE email = 'elisa.dangelo@gmail.com')),
('Università in ritardo', 'Sono fuori corso e mi sento pressato.', 'Stress', '2025-11-19 12:00:00', (SELECT id_paziente FROM paziente WHERE email = 'andrea.lombardi@gmail.com')),
('Inverno triste', 'Odio il freddo e il buio, mi deprimo.', 'Tristezza', '2025-11-20 14:00:00', (SELECT id_paziente FROM paziente WHERE email = 'nadia.ferrara@gmail.com')),
('Paura di parlare', 'In pubblico la voce mi si blocca in gola.', 'Ansia', '2025-11-21 11:00:00', (SELECT id_paziente FROM paziente WHERE email = 'vincenzo.izzo@gmail.com')),
('Relazione a distanza', 'La lontananza ci sta uccidendo.', 'Vita di Coppia', '2025-11-22 19:00:00', (SELECT id_paziente FROM paziente WHERE email = 'marta.sacco@gmail.com')),
('Colleghi serpenti', 'L''ambiente di lavoro è tossico e pettegolo.', 'Stress', '2025-11-23 10:00:00', (SELECT id_paziente FROM paziente WHERE email = 'gioele.piccolo@gmail.com')),
('Mi sento vecchio', 'Ho 40 anni e non ho concluso nulla.', 'Tristezza', '2025-11-24 16:30:00', (SELECT id_paziente FROM paziente WHERE email = 'valeria.pagano@gmail.com')),
('Ansia da esame', 'Domani ho un test e mi sento svenire.', 'Ansia', '2025-11-25 08:30:00', (SELECT id_paziente FROM paziente WHERE email = 'riccardo.orlando@gmail.com')),
('Suocera invadente', 'Lei vuole decidere tutto per noi, basta!', 'Vita di Coppia', '2025-11-26 13:00:00', (SELECT id_paziente FROM paziente WHERE email = 'serena.greco@gmail.com')),
('Smartphone addiction', 'Passo troppo tempo al telefono e mi stresso.', 'Stress', '2025-11-27 21:00:00', (SELECT id_paziente FROM paziente WHERE email = 'alberto.rossi@gmail.com')),
('Cibo insapore', 'Niente mi da più piacere, nemmeno mangiare.', 'Tristezza', '2025-11-28 12:00:00', (SELECT id_paziente FROM paziente WHERE email = 'flavia.bruno@gmail.com')),
('Paura dei dottori', 'Devo fare le analisi e sono terrorizzato.', 'Ansia', '2025-11-29 09:00:00', (SELECT id_paziente FROM paziente WHERE email = 'emanuele.rizzo@gmail.com')),
('Abitudine noiosa', 'Facciamo sempre le stesse cose, che noia.', 'Vita di Coppia', '2025-11-30 15:00:00', (SELECT id_paziente FROM paziente WHERE email = 'beatrice.villa@gmail.com')),
('Rumore del traffico', 'Vivo su una strada trafficata e impazzisco.', 'Stress', '2025-11-29 18:00:00', (SELECT id_paziente FROM paziente WHERE email = 'samuele.conti@gmail.com')),
('Nostalgia di casa', 'Mi sono trasferita e mi manca tutto.', 'Tristezza', '2025-11-28 20:00:00', (SELECT id_paziente FROM paziente WHERE email = 'irene.guerra@gmail.com')),
('Claustrofobia', 'Non prendo l''ascensore, faccio le scale.', 'Ansia', '2025-11-27 10:00:00', (SELECT id_paziente FROM paziente WHERE email = 'matteo.debari@gmail.com')),
('Differenza d''età', 'Lui è molto più grande e la gente mormora.', 'Vita di Coppia', '2025-11-26 14:00:00', (SELECT id_paziente FROM paziente WHERE email = 'silvia.colombo@gmail.com')),
('Preparativi nozze', 'Organizzare il matrimonio è un incubo.', 'Stress', '2025-11-25 11:30:00', (SELECT id_paziente FROM paziente WHERE email = 'gabriele.russo@gmail.com')),
('Niente mi emoziona', 'Guardo un tramonto e non provo nulla.', 'Tristezza', '2025-11-24 17:00:00', (SELECT id_paziente FROM paziente WHERE email = 'laura.martinelli@gmail.com')),
('Paura dei cani', 'Se vedo un cane cambio strada subito.', 'Ansia', '2025-11-23 09:00:00', (SELECT id_paziente FROM paziente WHERE email = 'gennaro.longo@gmail.com')),
('Lui russa forte', 'Non dormo perché lui russa come un trattore.', 'Vita di Coppia', '2025-11-22 08:00:00', (SELECT id_paziente FROM paziente WHERE email = 'claudia.ferrara@gmail.com')),
('Capo dispotico', 'Il mio datore di lavoro urla sempre.', 'Stress', '2025-11-21 16:00:00', (SELECT id_paziente FROM paziente WHERE email = 'nicola.basile@gmail.com')),
('Mi sento invisibile', 'Nessuno nota se ci sono o non ci sono.', 'Tristezza', '2025-11-20 12:00:00', (SELECT id_paziente FROM paziente WHERE email = 'gaia.orlando@gmail.com')),
('Paura di sbagliare', 'Controllo tutto tre volte per insicurezza.', 'Ansia', '2025-11-19 19:00:00', (SELECT id_paziente FROM paziente WHERE email = 'danilo.izzo@gmail.com')),
('Ex fidanzata', 'Lui sente ancora la sua ex e io impazzisco.', 'Vita di Coppia', '2025-11-18 10:00:00', (SELECT id_paziente FROM paziente WHERE email = 'veronica.pagano@gmail.com')),
('Troppe mail', 'La mia casella di posta è esplosa.', 'Stress', '2025-11-17 15:00:00', (SELECT id_paziente FROM paziente WHERE email = 'raffaele.rossi@gmail.com')),
('Domenica triste', 'La domenica pomeriggio mi viene l''angoscia.', 'Tristezza', '2025-11-16 18:00:00', (SELECT id_paziente FROM paziente WHERE email = 'alina.romano@gmail.com')),
('Agorafobia lieve', 'Stare in piazza tra la folla mi agita.', 'Ansia', '2025-11-15 11:00:00', (SELECT id_paziente FROM paziente WHERE email = 'ciro.immobile@gmail.com')),
('Vacanze separate', 'Io voglio mare, lui montagna. Che si fa?', 'Vita di Coppia', '2025-11-14 13:00:00', (SELECT id_paziente FROM paziente WHERE email = 'teresa.sacco@gmail.com')),
('Studio bocciato', 'Il professore mi ha umiliato all''esame.', 'Stress', '2025-11-13 09:00:00', (SELECT id_paziente FROM paziente WHERE email = 'domenico.dimeglio@gmail.com')),
('Compleanno solo', 'Ho passato il compleanno senza festeggiare.', 'Tristezza', '2025-11-12 21:00:00', (SELECT id_paziente FROM paziente WHERE email = 'rita.gallo@gmail.com')),
('Paura del dentista', 'Devo togliere un dente e sto male.', 'Ansia', '2025-11-11 10:00:00', (SELECT id_paziente FROM paziente WHERE email = 'niccolo.greco@gmail.com')),
('Silenzio punitivo', 'Quando litighiamo lei non mi parla per giorni.', 'Vita di Coppia', '2025-11-10 14:30:00', (SELECT id_paziente FROM paziente WHERE email = 'chiara.caruso@gmail.com')),
('Computer rotto', 'Ho perso tutti i dati e sono nel panico.', 'Stress', '2025-11-09 16:00:00', (SELECT id_paziente FROM paziente WHERE email = 'salvatore.costa@gmail.com')),
('Film tristi', 'Guardo solo film drammatici per piangere.', 'Tristezza', '2025-11-08 20:00:00', (SELECT id_paziente FROM paziente WHERE email = 'elisa.vitale@gmail.com')),
('Ipocondria bis', 'Ho letto i sintomi su internet, errore.', 'Ansia', '2025-11-07 11:00:00', (SELECT id_paziente FROM paziente WHERE email = 'mario.bruno@gmail.com'));
-- =================================================================================
-- 8. STATO D'ANIMO
-- Logica: Unicità giornaliera, Enum 'umore', Chiara Conti full, 10 pazienti a 0.
-- =================================================================================
-- (Chiara Conti - 11 giorni - 1 record al giorno)
INSERT INTO stato_animo (umore, intensita, note, data_inserimento, id_paziente) VALUES
('Ansioso', 8, 'Primo giorno. Ho paura che non funzioni.', '2025-11-20 10:00:00', (SELECT id_paziente FROM paziente WHERE email = 'chiara.conti@gmail.com')),
('Spaventato', 7, 'Notte difficile, mi sento spaesata.', '2025-11-21 09:30:00', (SELECT id_paziente FROM paziente WHERE email = 'chiara.conti@gmail.com')),
('Triste', 6, 'Sabato sera da sola a casa.', '2025-11-22 21:00:00', (SELECT id_paziente FROM paziente WHERE email = 'chiara.conti@gmail.com')),
('Stanco', 8, 'Domenica passata a letto, zero energie.', '2025-11-23 14:00:00', (SELECT id_paziente FROM paziente WHERE email = 'chiara.conti@gmail.com')),
('Confuso', 7, 'Non riesco a concentrarmi sullo studio.', '2025-11-24 11:15:00', (SELECT id_paziente FROM paziente WHERE email = 'chiara.conti@gmail.com')),
('Ansioso', 9, 'Tachicardia forte nel pomeriggio.', '2025-11-25 16:45:00', (SELECT id_paziente FROM paziente WHERE email = 'chiara.conti@gmail.com')),
('Arrabbiato', 8, 'Litigata con i miei, non mi capiscono.', '2025-11-26 20:30:00', (SELECT id_paziente FROM paziente WHERE email = 'chiara.conti@gmail.com')),
('Neutro', 5, 'Giornata piatta, senza emozioni forti.', '2025-11-27 12:00:00', (SELECT id_paziente FROM paziente WHERE email = 'chiara.conti@gmail.com')),
('Triste', 7, 'Ho pianto ripensando al passato.', '2025-11-28 22:15:00', (SELECT id_paziente FROM paziente WHERE email = 'chiara.conti@gmail.com')),
('Sereno', 6, 'Ho fatto una passeggiata e mi sento meglio.', '2025-11-29 10:00:00', (SELECT id_paziente FROM paziente WHERE email = 'chiara.conti@gmail.com')),
('Felice', 6, 'Oggi mi sento pronta a ricominciare.', '2025-11-30 09:00:00', (SELECT id_paziente FROM paziente WHERE email = 'chiara.conti@gmail.com'));

-- (Altri Pazienti - Esempi sparsi)
INSERT INTO stato_animo (umore, intensita, note, data_inserimento, id_paziente) VALUES
('Neutro', 4, 'Giornata di routine.', '2025-10-16 09:00:00', (SELECT id_paziente FROM paziente WHERE email = 'mario.russo@gmail.com')),
('Stanco', 6, 'Troppo lavoro in ufficio.', '2025-10-22 18:30:00', (SELECT id_paziente FROM paziente WHERE email = 'mario.russo@gmail.com')),
('Stanco', 9, 'Non ho chiuso occhio.', '2025-09-30 07:30:00', (SELECT id_paziente FROM paziente WHERE email = 'davide.greco@gmail.com')),
('Arrabbiato', 8, 'Nervoso con tutti oggi.', '2025-10-05 15:00:00', (SELECT id_paziente FROM paziente WHERE email = 'davide.greco@gmail.com')),
('Spaventato', 8, 'Pensieri intrusivi forti.', '2025-09-15 11:00:00', (SELECT id_paziente FROM paziente WHERE email = 'giulia.esposito@gmail.com')),
('Ansioso', 7, 'Agitazione diffusa.', '2025-09-25 16:00:00', (SELECT id_paziente FROM paziente WHERE email = 'giulia.esposito@gmail.com')),
('Spaventato', 9, 'Panico nel traffico.', '2025-11-03 08:30:00', (SELECT id_paziente FROM paziente WHERE email = 'stefano.longo@gmail.com')),
('Arrabbiato', 8, 'Litigio furioso.', '2025-10-10 20:00:00', (SELECT id_paziente FROM paziente WHERE email = 'valentina.caruso@gmail.com')),
('Triste', 10, 'Oggi fa malissimo.', '2025-09-16 10:00:00', (SELECT id_paziente FROM paziente WHERE email = 'pietro.vitale@gmail.com')),
('Stanco', 9, 'Bambini urlanti tutto il giorno.', '2025-10-25 20:00:00', (SELECT id_paziente FROM paziente WHERE email = 'sara.romano@gmail.com'));

-- =============================================================================
-- 9. PAGINA DIARIO
-- Note narrative per Chiara Conti (post-ingresso) e altri pazienti
-- =============================================================================
INSERT INTO pagina_diario (titolo, testo, data_inserimento, id_paziente)
VALUES
-- CHIARA CONTI (20/11 - 30/11)
('Inizio questo percorso', 'Oggi mi sono iscritta alla piattaforma. Ho paura ma sento che devo fare qualcosa. Non riesco più a gestire l''ansia da sola. Spero che scrivere qui mi aiuti a fare ordine nei pensieri.', '2025-11-20 22:30:00', (SELECT id_paziente FROM paziente WHERE email = 'chiara.conti@gmail.com')),
('Giornata no', 'Ho passato tutto il pomeriggio a guardare il libro di diritto privato senza leggere una riga. Le parole ballavano. Mi sento in colpa perché i miei pagano l''università e io sono bloccata. Marco non capisce, dice che devo solo "impegnarmi di più". Come se non ci provassi.', '2025-11-22 19:00:00', (SELECT id_paziente FROM paziente WHERE email = 'chiara.conti@gmail.com')),
('L''ansia notturna', 'Sono le 3 di notte e ho gli occhi sbarrati. Il cuore va a mille. Ho paura del futuro, ho paura di fallire, ho paura di restare sola. Ho provato a fare gli esercizi di respirazione che ho letto sul blog ma faccio fatica.', '2025-11-24 03:15:00', (SELECT id_paziente FROM paziente WHERE email = 'chiara.conti@gmail.com')),
('Brutta litigata', 'Oggi ho urlato contro mia madre. Lei voleva solo sapere come stavo, ma la sua voce mi dava fastidio. Mi sento una persona orribile quando perdo il controllo così. Poi ho pianto in camera per un''ora.', '2025-11-26 21:00:00', (SELECT id_paziente FROM paziente WHERE email = 'chiara.conti@gmail.com')),
('Un piccolo passo', 'Oggi sono riuscita a uscire per fare la spesa senza avere tachicardia. È una piccola cosa, lo so, ma per me sembra una montagna scalata. Ho comprato il gelato al pistacchio che mi piace tanto.', '2025-11-29 16:30:00', (SELECT id_paziente FROM paziente WHERE email = 'chiara.conti@gmail.com')),
('Riflessioni', 'Rileggendo quello che ho scritto nei giorni scorsi, mi rendo conto di quanto sono dura con me stessa. Forse lo psicologo mi aiuterà a essere più gentile con me. Domani è un altro giorno.', '2025-11-30 10:00:00', (SELECT id_paziente FROM paziente WHERE email = 'chiara.conti@gmail.com')),

-- ALTRI PAZIENTI STORICI
('Incubo ricorrente', 'Ho sognato di nuovo di essere in ufficio nudo e che tutti ridevano. Mi sono svegliato sudato. Il lavoro mi sta entrando nel cervello anche quando dormo.', '2025-10-25 07:00:00', (SELECT id_paziente FROM paziente WHERE email = 'davide.greco@gmail.com')),
('Basta', 'Oggi ho spento il telefono aziendale alle 18:00. Non succedeva da anni. Mi sento in colpa ma anche libero.', '2025-11-15 18:05:00', (SELECT id_paziente FROM paziente WHERE email = 'davide.greco@gmail.com')),
('Il silenzio', 'Abbiamo cenato in silenzio per 40 minuti. Si sentiva solo il rumore delle posate. È peggio delle urla questo gelo.', '2025-11-05 21:00:00', (SELECT id_paziente FROM paziente WHERE email = 'valentina.caruso@gmail.com')),
('Forse una svolta', 'Stasera abbiamo parlato. Veramente parlato. Abbiamo pianto entrambi. Non so se risolveremo, ma almeno abbiamo rotto il muro.', '2025-11-28 23:00:00', (SELECT id_paziente FROM paziente WHERE email = 'valentina.caruso@gmail.com')),
('Fallimento', 'Volevo andare al bar ma mi sono bloccato davanti alla vetrina. C''era troppa gente. Sono tornato a casa correndo. Mi sento un codardo.', '2025-11-03 10:30:00', (SELECT id_paziente FROM paziente WHERE email = 'stefano.longo@gmail.com')),
('Ci ho riprovato', 'Sono andato al parco presto, quando non c''era nessuno. Ho respirato aria fresca. È stato bello.', '2025-11-10 08:00:00', (SELECT id_paziente FROM paziente WHERE email = 'stefano.longo@gmail.com')),
('Grazie', 'Oggi mi sento grato. Grato perché riesco a vedere i colori dopo mesi di grigio. La terapia sta funzionando.', '2025-11-20 09:00:00', (SELECT id_paziente FROM paziente WHERE email = 'mario.russo@gmail.com')),
('La mente non si ferma', 'I pensieri girano come una giostra impazzita. "E se succede questo?", "E se ho fatto quello?". Vorrei un interruttore per spegnere tutto.', '2025-10-15 15:45:00', (SELECT id_paziente FROM paziente WHERE email = 'giulia.esposito@gmail.com')),
('Mi manchi papà', 'Ho trovato una tua vecchia lettera. Ho sentito la tua voce mentre la leggevo. Fa male ma è un dolore dolce oggi.', '2025-11-12 17:00:00', (SELECT id_paziente FROM paziente WHERE email = 'pietro.vitale@gmail.com')),
('Cinque minuti per me', 'Mi sono chiusa in bagno a piangere 5 minuti mentre i bambini guardavano i cartoni. Poi mi sono lavata la faccia e sono uscita sorridendo. Nessuno se ne è accorto.', '2025-11-08 14:00:00', (SELECT id_paziente FROM paziente WHERE email = 'sara.romano@gmail.com')),

-- NUOVI PAZIENTI
('Primo accesso', 'Provo a usare questo diario. Non ho mai scritto nulla di personale. Vediamo se serve.', '2025-11-10 20:00:00', (SELECT id_paziente FROM paziente WHERE email = 'gabriele.pugliese@gmail.com')),
('Giornata produttiva', 'Oggi ho studiato 4 ore di fila. Non succedeva da mesi. Sono fiera di me.', '2025-11-25 18:00:00', (SELECT id_paziente FROM paziente WHERE email = 'laura.monti@gmail.com')),
('Confusione', 'Non capisco cosa voglio fare della mia vita. Tutti sembrano avere un piano tranne me.', '2025-10-20 22:30:00', (SELECT id_paziente FROM paziente WHERE email = 'antonio.farina@gmail.com'));
-- =================================================================================
-- 10. RISPOSTA FORUM
-- CORREZIONE: data_inserimento -> data_risposta
-- =================================================================================
INSERT INTO risposta_forum (testo, data_risposta, id_psicologo, id_domanda)
VALUES
-- Risposte a Chiara Conti
('Ciao Chiara, è normale avere paura del futuro. Cerca di concentrarti sul presente, un passo alla volta.', '2025-11-21 10:00:00', (SELECT cod_fiscale FROM psicologo WHERE email = 'l.verdi@pec.aslsalerno.it'), (SELECT id_domanda FROM domanda_forum WHERE titolo = 'Ansia per il futuro' AND id_paziente = (SELECT id_paziente FROM paziente WHERE email = 'chiara.conti@gmail.com'))),
('La comunicazione è fondamentale. Prova a parlargli con calma quando non siete arrabbiati.', '2025-11-21 15:00:00', (SELECT cod_fiscale FROM psicologo WHERE email = 'm.bianchi@pec.aslnapoli2nord.it'), (SELECT id_domanda FROM domanda_forum WHERE titolo = 'Problemi con il partner' AND id_paziente = (SELECT id_paziente FROM paziente WHERE email = 'chiara.conti@gmail.com'))),
('La stanchezza può essere un sintomo di stress emotivo. Non essere troppo dura con te stessa.', '2025-11-22 09:00:00', (SELECT cod_fiscale FROM psicologo WHERE email = 'g.rossi@pec.aslcaserta.it'), (SELECT id_domanda FROM domanda_forum WHERE titolo = 'Mi sento sempre stanca' AND id_paziente = (SELECT id_paziente FROM paziente WHERE email = 'chiara.conti@gmail.com'))),
('Accogli la tristezza, è un''emozione come le altre. Se diventa troppo forte, siamo qui per aiutarti.', '2025-11-22 19:30:00', (SELECT cod_fiscale FROM psicologo WHERE email = 'a.esposito@pec.aslnapoli1centro.it'), (SELECT id_domanda FROM domanda_forum WHERE titolo = 'Tristezza improvvisa' AND id_paziente = (SELECT id_paziente FROM paziente WHERE email = 'chiara.conti@gmail.com'))),
('Nessuno ti giudica, Chiara. Ognuno ha le sue battaglie. Sei coraggiosa a parlarne.', '2025-11-23 11:00:00', (SELECT cod_fiscale FROM psicologo WHERE email = 's.romano@pec.aslavellino.it'), (SELECT id_domanda FROM domanda_forum WHERE titolo = 'Paura del giudizio' AND id_paziente = (SELECT id_paziente FROM paziente WHERE email = 'chiara.conti@gmail.com'))),

-- Risposte ad altri
('Scrivere è un ottimo modo per elaborare. Hai fatto bene a sfogarti qui.', '2025-11-01 12:00:00', (SELECT cod_fiscale FROM psicologo WHERE email = 'r.colombo@pec.aslbenevento.it'), (SELECT id_domanda FROM domanda_forum WHERE titolo = 'La mia storia infinita' AND id_paziente = (SELECT id_paziente FROM paziente WHERE email = 'mario.russo@gmail.com'))),
('Il burnout è serio. Devi mettere dei confini tra lavoro e vita privata, anche se è difficile.', '2025-10-26 09:00:00', (SELECT cod_fiscale FROM psicologo WHERE email = 's.ricci@pec.aslsalerno.it'), (SELECT id_domanda FROM domanda_forum WHERE titolo = 'Stress lavoro correlato' AND id_paziente = (SELECT id_paziente FROM paziente WHERE email = 'davide.greco@gmail.com'))),
('La terapia di coppia potrebbe aiutarvi a ritrovare un linguaggio comune. Non arrenderti.', '2025-11-16 10:00:00', (SELECT cod_fiscale FROM psicologo WHERE email = 'm.marino@pec.aslnapoli3sud.it'), (SELECT id_domanda FROM domanda_forum WHERE titolo = 'Crisi di coppia profonda' AND id_paziente = (SELECT id_paziente FROM paziente WHERE email = 'valentina.caruso@gmail.com'))),
('L''ansia sociale si può affrontare con l''esposizione graduale. Non sei solo.', '2025-11-05 15:00:00', (SELECT cod_fiscale FROM psicologo WHERE email = 'g.greco@pec.aslcaserta.it'), (SELECT id_domanda FROM domanda_forum WHERE titolo = 'Ansia sociale invalidante' AND id_paziente = (SELECT id_paziente FROM paziente WHERE email = 'stefano.longo@gmail.com'))),
('I pensieri intrusivi sono solo pensieri, non azioni. Non sei un mostro.', '2025-11-10 10:00:00', (SELECT cod_fiscale FROM psicologo WHERE email = 'l.bruno@pec.aslnapoli1centro.it'), (SELECT id_domanda FROM domanda_forum WHERE titolo = 'Pensieri intrusivi brutti' AND id_paziente = (SELECT id_paziente FROM paziente WHERE email = 'giulia.esposito@gmail.com')));

-- =================================================================================
-- 11. ACQUISIZIONE BADGE
-- CORREZIONE: id_badge -> nome_badge
-- CORREZIONE: Valori diretti (stringhe) invece di subquery per ID
-- =================================================================================
INSERT INTO acquisizione_badge (id_paziente, nome_badge, data_acquisizione)
VALUES
-- Chiara Conti
((SELECT id_paziente FROM paziente WHERE email = 'chiara.conti@gmail.com'), 'Primo Questionario', '2025-11-20 10:00:00'),
((SELECT id_paziente FROM paziente WHERE email = 'chiara.conti@gmail.com'), 'Prima Nota Diario', '2025-11-20 22:30:00'),
((SELECT id_paziente FROM paziente WHERE email = 'chiara.conti@gmail.com'), 'Primo Stato dAnimo', '2025-11-20 10:00:00'),
((SELECT id_paziente FROM paziente WHERE email = 'chiara.conti@gmail.com'), 'Monitoraggio Umore', '2025-11-30 09:00:00'),
((SELECT id_paziente FROM paziente WHERE email = 'chiara.conti@gmail.com'), 'Prima Domanda Forum', '2025-11-21 09:30:00'),
((SELECT id_paziente FROM paziente WHERE email = 'chiara.conti@gmail.com'), 'Voce Attiva', '2025-11-23 10:20:00'),
((SELECT id_paziente FROM paziente WHERE email = 'chiara.conti@gmail.com'), 'Diario Costante', '2025-11-29 16:30:00'),

-- Mario Russo
((SELECT id_paziente FROM paziente WHERE email = 'mario.russo@gmail.com'), 'Assegnazione Psicologo', '2025-10-15 09:00:00'),
((SELECT id_paziente FROM paziente WHERE email = 'mario.russo@gmail.com'), 'Primo Questionario', '2025-10-15 09:30:00'),
((SELECT id_paziente FROM paziente WHERE email = 'mario.russo@gmail.com'), 'Cinque Questionari', '2025-11-15 09:30:00'),

-- Giulia Esposito
((SELECT id_paziente FROM paziente WHERE email = 'giulia.esposito@gmail.com'), 'Assegnazione Psicologo', '2025-09-10 09:00:00'),
((SELECT id_paziente FROM paziente WHERE email = 'giulia.esposito@gmail.com'), 'Primo Obiettivo Raggiunto', '2025-10-01 10:00:00'),

-- Luca Ferrara
((SELECT id_paziente FROM paziente WHERE email = 'luca.ferrara@gmail.com'), 'Assegnazione Psicologo', '2025-11-01 09:00:00'),
((SELECT id_paziente FROM paziente WHERE email = 'luca.ferrara@gmail.com'), 'Prima Domanda Forum', '2025-10-17 09:15:00'),

-- Sara Romano
((SELECT id_paziente FROM paziente WHERE email = 'sara.romano@gmail.com'), 'Assegnazione Psicologo', '2025-10-22 09:00:00'),
((SELECT id_paziente FROM paziente WHERE email = 'sara.romano@gmail.com'), 'Tris di Obiettivi', '2025-11-20 10:00:00'),

-- Antonio De Luca
((SELECT id_paziente FROM paziente WHERE email = 'antonio.deluca@gmail.com'), 'Assegnazione Psicologo', '2025-09-05 09:00:00'),
((SELECT id_paziente FROM paziente WHERE email = 'antonio.deluca@gmail.com'), 'Dieci Questionari', '2025-11-25 09:00:00'),

-- Francesca Bianchi
((SELECT id_paziente FROM paziente WHERE email = 'francesca.bianchi@gmail.com'), 'Assegnazione Psicologo', '2025-11-12 09:00:00'),
((SELECT id_paziente FROM paziente WHERE email = 'francesca.bianchi@gmail.com'), 'Prima Nota Diario', '2025-11-13 20:00:00'),

-- Davide Greco
((SELECT id_paziente FROM paziente WHERE email = 'davide.greco@gmail.com'), 'Assegnazione Psicologo', '2025-09-28 09:00:00'),
((SELECT id_paziente FROM paziente WHERE email = 'davide.greco@gmail.com'), 'Primo Stato dAnimo', '2025-09-30 07:30:00'),

-- Elena Rizzo
((SELECT id_paziente FROM paziente WHERE email = 'elena.rizzo@gmail.com'), 'Assegnazione Psicologo', '2025-11-03 09:00:00'),
((SELECT id_paziente FROM paziente WHERE email = 'elena.rizzo@gmail.com'), 'Voce Attiva', '2025-11-20 12:00:00');
